"Label (Grouping)","Alabama!!Total!!Estimate","Alabama!!Percent!!Estimate","Alabama!!Male!!Estimate","Alabama!!Percent Male!!Estimate","Alabama!!Female!!Estimate","Alabama!!Percent Female!!Estimate","Alaska!!Total!!Estimate","Alaska!!Percent!!Estimate","Alaska!!Male!!Estimate","Alaska!!Percent Male!!Estimate","Alaska!!Female!!Estimate","Alaska!!Percent Female!!Estimate","Arizona!!Total!!Estimate","Arizona!!Percent!!Estimate","Arizona!!Male!!Estimate","Arizona!!Percent Male!!Estimate","Arizona!!Female!!Estimate","Arizona!!Percent Female!!Estimate","Arkansas!!Total!!Estimate","Arkansas!!Percent!!Estimate","Arkansas!!Male!!Estimate","Arkansas!!Percent Male!!Estimate","Arkansas!!Female!!Estimate","Arkansas!!Percent Female!!Estimate","California!!Total!!Estimate","California!!Percent!!Estimate","California!!Male!!Estimate","California!!Percent Male!!Estimate","California!!Female!!Estimate","California!!Percent Female!!Estimate","Colorado!!Total!!Estimate","Colorado!!Percent!!Estimate","Colorado!!Male!!Estimate","Colorado!!Percent Male!!Estimate","Colorado!!Female!!Estimate","Colorado!!Percent Female!!Estimate","Connecticut!!Total!!Estimate","Connecticut!!Percent!!Estimate","Connecticut!!Male!!Estimate","Connecticut!!Percent Male!!Estimate","Connecticut!!Female!!Estimate","Connecticut!!Percent Female!!Estimate","Delaware!!Total!!Estimate","Delaware!!Percent!!Estimate","Delaware!!Male!!Estimate","Delaware!!Percent Male!!Estimate","Delaware!!Female!!Estimate","Delaware!!Percent Female!!Estimate","District of Columbia!!Total!!Estimate","District of Columbia!!Percent!!Estimate","District of Columbia!!Male!!Estimate","District of Columbia!!Percent Male!!Estimate","District of Columbia!!Female!!Estimate","District of Columbia!!Percent Female!!Estimate","Florida!!Total!!Estimate","Florida!!Percent!!Estimate","Florida!!Male!!Estimate","Florida!!Percent Male!!Estimate","Florida!!Female!!Estimate","Florida!!Percent Female!!Estimate","Georgia!!Total!!Estimate","Georgia!!Percent!!Estimate","Georgia!!Male!!Estimate","Georgia!!Percent Male!!Estimate","Georgia!!Female!!Estimate","Georgia!!Percent Female!!Estimate","Hawaii!!Total!!Estimate","Hawaii!!Percent!!Estimate","Hawaii!!Male!!Estimate","Hawaii!!Percent Male!!Estimate","Hawaii!!Female!!Estimate","Hawaii!!Percent Female!!Estimate","Idaho!!Total!!Estimate","Idaho!!Percent!!Estimate","Idaho!!Male!!Estimate","Idaho!!Percent Male!!Estimate","Idaho!!Female!!Estimate","Idaho!!Percent Female!!Estimate","Illinois!!Total!!Estimate","Illinois!!Percent!!Estimate","Illinois!!Male!!Estimate","Illinois!!Percent Male!!Estimate","Illinois!!Female!!Estimate","Illinois!!Percent Female!!Estimate","Indiana!!Total!!Estimate","Indiana!!Percent!!Estimate","Indiana!!Male!!Estimate","Indiana!!Percent Male!!Estimate","Indiana!!Female!!Estimate","Indiana!!Percent Female!!Estimate","Iowa!!Total!!Estimate","Iowa!!Percent!!Estimate","Iowa!!Male!!Estimate","Iowa!!Percent Male!!Estimate","Iowa!!Female!!Estimate","Iowa!!Percent Female!!Estimate","Kansas!!Total!!Estimate","Kansas!!Percent!!Estimate","Kansas!!Male!!Estimate","Kansas!!Percent Male!!Estimate","Kansas!!Female!!Estimate","Kansas!!Percent Female!!Estimate","Kentucky!!Total!!Estimate","Kentucky!!Percent!!Estimate","Kentucky!!Male!!Estimate","Kentucky!!Percent Male!!Estimate","Kentucky!!Female!!Estimate","Kentucky!!Percent Female!!Estimate","Louisiana!!Total!!Estimate","Louisiana!!Percent!!Estimate","Louisiana!!Male!!Estimate","Louisiana!!Percent Male!!Estimate","Louisiana!!Female!!Estimate","Louisiana!!Percent Female!!Estimate","Maine!!Total!!Estimate","Maine!!Percent!!Estimate","Maine!!Male!!Estimate","Maine!!Percent Male!!Estimate","Maine!!Female!!Estimate","Maine!!Percent Female!!Estimate","Maryland!!Total!!Estimate","Maryland!!Percent!!Estimate","Maryland!!Male!!Estimate","Maryland!!Percent Male!!Estimate","Maryland!!Female!!Estimate","Maryland!!Percent Female!!Estimate","Massachusetts!!Total!!Estimate","Massachusetts!!Percent!!Estimate","Massachusetts!!Male!!Estimate","Massachusetts!!Percent Male!!Estimate","Massachusetts!!Female!!Estimate","Massachusetts!!Percent Female!!Estimate","Michigan!!Total!!Estimate","Michigan!!Percent!!Estimate","Michigan!!Male!!Estimate","Michigan!!Percent Male!!Estimate","Michigan!!Female!!Estimate","Michigan!!Percent Female!!Estimate","Minnesota!!Total!!Estimate","Minnesota!!Percent!!Estimate","Minnesota!!Male!!Estimate","Minnesota!!Percent Male!!Estimate","Minnesota!!Female!!Estimate","Minnesota!!Percent Female!!Estimate","Mississippi!!Total!!Estimate","Mississippi!!Percent!!Estimate","Mississippi!!Male!!Estimate","Mississippi!!Percent Male!!Estimate","Mississippi!!Female!!Estimate","Mississippi!!Percent Female!!Estimate","Missouri!!Total!!Estimate","Missouri!!Percent!!Estimate","Missouri!!Male!!Estimate","Missouri!!Percent Male!!Estimate","Missouri!!Female!!Estimate","Missouri!!Percent Female!!Estimate","Montana!!Total!!Estimate","Montana!!Percent!!Estimate","Montana!!Male!!Estimate","Montana!!Percent Male!!Estimate","Montana!!Female!!Estimate","Montana!!Percent Female!!Estimate","Nebraska!!Total!!Estimate","Nebraska!!Percent!!Estimate","Nebraska!!Male!!Estimate","Nebraska!!Percent Male!!Estimate","Nebraska!!Female!!Estimate","Nebraska!!Percent Female!!Estimate","Nevada!!Total!!Estimate","Nevada!!Percent!!Estimate","Nevada!!Male!!Estimate","Nevada!!Percent Male!!Estimate","Nevada!!Female!!Estimate","Nevada!!Percent Female!!Estimate","New Hampshire!!Total!!Estimate","New Hampshire!!Percent!!Estimate","New Hampshire!!Male!!Estimate","New Hampshire!!Percent Male!!Estimate","New Hampshire!!Female!!Estimate","New Hampshire!!Percent Female!!Estimate","New Jersey!!Total!!Estimate","New Jersey!!Percent!!Estimate","New Jersey!!Male!!Estimate","New Jersey!!Percent Male!!Estimate","New Jersey!!Female!!Estimate","New Jersey!!Percent Female!!Estimate","New Mexico!!Total!!Estimate","New Mexico!!Percent!!Estimate","New Mexico!!Male!!Estimate","New Mexico!!Percent Male!!Estimate","New Mexico!!Female!!Estimate","New Mexico!!Percent Female!!Estimate","New York!!Total!!Estimate","New York!!Percent!!Estimate","New York!!Male!!Estimate","New York!!Percent Male!!Estimate","New York!!Female!!Estimate","New York!!Percent Female!!Estimate","North Carolina!!Total!!Estimate","North Carolina!!Percent!!Estimate","North Carolina!!Male!!Estimate","North Carolina!!Percent Male!!Estimate","North Carolina!!Female!!Estimate","North Carolina!!Percent Female!!Estimate","North Dakota!!Total!!Estimate","North Dakota!!Percent!!Estimate","North Dakota!!Male!!Estimate","North Dakota!!Percent Male!!Estimate","North Dakota!!Female!!Estimate","North Dakota!!Percent Female!!Estimate","Ohio!!Total!!Estimate","Ohio!!Percent!!Estimate","Ohio!!Male!!Estimate","Ohio!!Percent Male!!Estimate","Ohio!!Female!!Estimate","Ohio!!Percent Female!!Estimate","Oklahoma!!Total!!Estimate","Oklahoma!!Percent!!Estimate","Oklahoma!!Male!!Estimate","Oklahoma!!Percent Male!!Estimate","Oklahoma!!Female!!Estimate","Oklahoma!!Percent Female!!Estimate","Oregon!!Total!!Estimate","Oregon!!Percent!!Estimate","Oregon!!Male!!Estimate","Oregon!!Percent Male!!Estimate","Oregon!!Female!!Estimate","Oregon!!Percent Female!!Estimate","Pennsylvania!!Total!!Estimate","Pennsylvania!!Percent!!Estimate","Pennsylvania!!Male!!Estimate","Pennsylvania!!Percent Male!!Estimate","Pennsylvania!!Female!!Estimate","Pennsylvania!!Percent Female!!Estimate","Rhode Island!!Total!!Estimate","Rhode Island!!Percent!!Estimate","Rhode Island!!Male!!Estimate","Rhode Island!!Percent Male!!Estimate","Rhode Island!!Female!!Estimate","Rhode Island!!Percent Female!!Estimate","South Carolina!!Total!!Estimate","South Carolina!!Percent!!Estimate","South Carolina!!Male!!Estimate","South Carolina!!Percent Male!!Estimate","South Carolina!!Female!!Estimate","South Carolina!!Percent Female!!Estimate","South Dakota!!Total!!Estimate","South Dakota!!Percent!!Estimate","South Dakota!!Male!!Estimate","South Dakota!!Percent Male!!Estimate","South Dakota!!Female!!Estimate","South Dakota!!Percent Female!!Estimate","Tennessee!!Total!!Estimate","Tennessee!!Percent!!Estimate","Tennessee!!Male!!Estimate","Tennessee!!Percent Male!!Estimate","Tennessee!!Female!!Estimate","Tennessee!!Percent Female!!Estimate","Texas!!Total!!Estimate","Texas!!Percent!!Estimate","Texas!!Male!!Estimate","Texas!!Percent Male!!Estimate","Texas!!Female!!Estimate","Texas!!Percent Female!!Estimate","Utah!!Total!!Estimate","Utah!!Percent!!Estimate","Utah!!Male!!Estimate","Utah!!Percent Male!!Estimate","Utah!!Female!!Estimate","Utah!!Percent Female!!Estimate","Vermont!!Total!!Estimate","Vermont!!Percent!!Estimate","Vermont!!Male!!Estimate","Vermont!!Percent Male!!Estimate","Vermont!!Female!!Estimate","Vermont!!Percent Female!!Estimate","Virginia!!Total!!Estimate","Virginia!!Percent!!Estimate","Virginia!!Male!!Estimate","Virginia!!Percent Male!!Estimate","Virginia!!Female!!Estimate","Virginia!!Percent Female!!Estimate","Washington!!Total!!Estimate","Washington!!Percent!!Estimate","Washington!!Male!!Estimate","Washington!!Percent Male!!Estimate","Washington!!Female!!Estimate","Washington!!Percent Female!!Estimate","West Virginia!!Total!!Estimate","West Virginia!!Percent!!Estimate","West Virginia!!Male!!Estimate","West Virginia!!Percent Male!!Estimate","West Virginia!!Female!!Estimate","West Virginia!!Percent Female!!Estimate","Wisconsin!!Total!!Estimate","Wisconsin!!Percent!!Estimate","Wisconsin!!Male!!Estimate","Wisconsin!!Percent Male!!Estimate","Wisconsin!!Female!!Estimate","Wisconsin!!Percent Female!!Estimate","Wyoming!!Total!!Estimate","Wyoming!!Percent!!Estimate","Wyoming!!Male!!Estimate","Wyoming!!Percent Male!!Estimate","Wyoming!!Female!!Estimate","Wyoming!!Percent Female!!Estimate","Puerto Rico!!Total!!Estimate","Puerto Rico!!Percent!!Estimate","Puerto Rico!!Male!!Estimate","Puerto Rico!!Percent Male!!Estimate","Puerto Rico!!Female!!Estimate","Puerto Rico!!Percent Female!!Estimate"
"Total population","5,157,699","(X)","2,490,551","(X)","2,667,148","(X)","740,133","(X)","390,301","(X)","349,832","(X)","7,582,384","(X)","3,782,883","(X)","3,799,501","(X)","3,088,354","(X)","1,517,526","(X)","1,570,828","(X)","39,431,263","(X)","19,675,103","(X)","19,756,160","(X)","5,957,494","(X)","3,016,719","(X)","2,940,775","(X)","3,675,069","(X)","1,804,896","(X)","1,870,173","(X)","1,051,917","(X)","506,763","(X)","545,154","(X)","702,250","(X)","332,062","(X)","370,188","(X)","23,372,215","(X)","11,488,598","(X)","11,883,617","(X)","11,180,878","(X)","5,441,586","(X)","5,739,292","(X)","1,446,146","(X)","723,923","(X)","722,223","(X)","2,001,619","(X)","1,007,233","(X)","994,386","(X)","12,710,158","(X)","6,280,259","(X)","6,429,899","(X)","6,924,275","(X)","3,431,764","(X)","3,492,511","(X)","3,241,488","(X)","1,622,686","(X)","1,618,802","(X)","2,970,606","(X)","1,487,233","(X)","1,483,373","(X)","4,588,372","(X)","2,274,627","(X)","2,313,745","(X)","4,597,740","(X)","2,242,572","(X)","2,355,168","(X)","1,405,012","(X)","692,688","(X)","712,324","(X)","6,263,220","(X)","3,038,142","(X)","3,225,078","(X)","7,136,171","(X)","3,481,139","(X)","3,655,032","(X)","10,140,459","(X)","5,015,542","(X)","5,124,917","(X)","5,793,151","(X)","2,897,870","(X)","2,895,281","(X)","2,943,045","(X)","1,421,300","(X)","1,521,745","(X)","6,245,466","(X)","3,080,058","(X)","3,165,408","(X)","1,137,233","(X)","575,447","(X)","561,786","(X)","2,005,466","(X)","1,009,629","(X)","995,837","(X)","3,267,467","(X)","1,647,319","(X)","1,620,148","(X)","1,409,032","(X)","702,191","(X)","706,841","(X)","9,500,851","(X)","4,677,607","(X)","4,823,244","(X)","2,130,256","(X)","1,065,400","(X)","1,064,856","(X)","19,867,248","(X)","9,704,610","(X)","10,162,638","(X)","11,046,024","(X)","5,396,017","(X)","5,650,007","(X)","796,568","(X)","408,714","(X)","387,854","(X)","11,883,304","(X)","5,867,389","(X)","6,015,915","(X)","4,095,393","(X)","2,040,182","(X)","2,055,211","(X)","4,272,371","(X)","2,128,207","(X)","2,144,164","(X)","13,078,751","(X)","6,448,942","(X)","6,629,809","(X)","1,112,308","(X)","547,371","(X)","564,937","(X)","5,478,831","(X)","2,671,064","(X)","2,807,767","(X)","924,669","(X)","474,961","(X)","449,708","(X)","7,227,750","(X)","3,544,910","(X)","3,682,840","(X)","31,290,831","(X)","15,608,512","(X)","15,682,319","(X)","3,503,613","(X)","1,778,121","(X)","1,725,492","(X)","648,493","(X)","320,167","(X)","328,326","(X)","8,811,195","(X)","4,356,641","(X)","4,454,554","(X)","7,958,180","(X)","4,009,969","(X)","3,948,211","(X)","1,769,979","(X)","881,512","(X)","888,467","(X)","5,960,975","(X)","2,984,118","(X)","2,976,857","(X)","587,618","(X)","301,319","(X)","286,299","(X)","3,203,295","(X)","1,516,882","(X)","1,686,413","(X)"
"    AGE","","","","","","","","","","","","","","","","","","","","","","","","","","","","","","","","","","","","","","","","","","","","","","","","","","","","","","","","","","","","","","","","","","","","","","","","","","","","","","","","","","","","","","","","","","","","","","","","","","","","","","","","","","","","","","","","","","","","","","","","","","","","","","","","","","","","","","","","","","","","","","","","","","","","","","","","","","","","","","","","","","","","","","","","","","","","","","","","","","","","","","","","","","","","","","","","","","","","","","","","","","","","","","","","","","","","","","","","","","","","","","","","","","","","","","","","","","","","","","","","","","","","","","","","","","","","","","","","","","","","","","","","","","","","","","","","","","","","","","","","","","","","","","","","","","","","","","","","","","","","","","","","","","","","","","","",""
"        Under 5 years","285,758","5.5%","141,881","5.7%","143,877","5.4%","44,922","6.1%","23,437","6.0%","21,485","6.1%","393,963","5.2%","200,775","5.3%","193,188","5.1%","176,599","5.7%","89,764","5.9%","86,835","5.5%","2,083,154","5.3%","1,061,708","5.4%","1,021,446","5.2%","306,464","5.1%","156,618","5.2%","149,846","5.1%","179,896","4.9%","93,454","5.2%","86,442","4.6%","54,788","5.2%","26,707","5.3%","28,081","5.2%","39,498","5.6%","19,495","5.9%","20,003","5.4%","1,146,626","4.9%","583,538","5.1%","563,088","4.7%","612,543","5.5%","309,291","5.7%","303,252","5.3%","76,057","5.3%","39,617","5.5%","36,440","5.0%","110,595","5.5%","57,400","5.7%","53,195","5.3%","655,117","5.2%","333,198","5.3%","321,919","5.0%","403,534","5.8%","205,142","6.0%","198,392","5.7%","186,076","5.7%","96,024","5.9%","90,052","5.6%","171,018","5.8%","85,163","5.7%","85,855","5.8%","261,525","5.7%","132,062","5.8%","129,463","5.6%","271,498","5.9%","137,324","6.1%","134,174","5.7%","58,509","4.2%","30,280","4.4%","28,229","4.0%","350,973","5.6%","177,047","5.8%","173,926","5.4%","346,996","4.9%","177,079","5.1%","169,917","4.6%","524,888","5.2%","267,785","5.3%","257,103","5.0%","318,595","5.5%","161,865","5.6%","156,730","5.4%","163,692","5.6%","82,043","5.8%","81,649","5.4%","343,005","5.5%","177,532","5.8%","165,473","5.2%","53,955","4.7%","27,028","4.7%","26,927","4.8%","121,522","6.1%","63,066","6.2%","58,456","5.9%","169,737","5.2%","87,377","5.3%","82,360","5.1%","61,710","4.4%","31,069","4.4%","30,641","4.3%","525,751","5.5%","269,677","5.8%","256,074","5.3%","103,356","4.9%","55,773","5.2%","47,583","4.5%","1,039,067","5.2%","528,680","5.4%","510,387","5.0%","604,897","5.5%","310,056","5.7%","294,841","5.2%","43,600","5.5%","22,074","5.4%","21,526","5.6%","652,242","5.5%","336,977","5.7%","315,265","5.2%","241,245","5.9%","121,707","6.0%","119,538","5.8%","197,191","4.6%","99,502","4.7%","97,689","4.6%","660,513","5.1%","339,222","5.3%","321,291","4.8%","51,425","4.6%","26,034","4.8%","25,391","4.5%","293,334","5.4%","153,877","5.8%","139,457","5.0%","53,584","5.8%","29,007","6.1%","24,577","5.5%","410,205","5.7%","207,418","5.9%","202,787","5.5%","1,951,749","6.2%","991,727","6.4%","960,022","6.1%","229,016","6.5%","115,953","6.5%","113,063","6.6%","26,820","4.1%","13,467","4.2%","13,353","4.1%","471,514","5.4%","245,420","5.6%","226,094","5.1%","418,515","5.3%","217,786","5.4%","200,729","5.1%","86,422","4.9%","42,353","4.8%","44,069","5.0%","303,044","5.1%","154,111","5.2%","148,933","5.0%","28,344","4.8%","15,266","5.1%","13,078","4.6%","90,280","2.8%","48,205","3.2%","42,075","2.5%"
"        5 to 9 years","312,813","6.1%","161,224","6.5%","151,589","5.7%","46,547","6.3%","22,605","5.8%","23,942","6.8%","415,119","5.5%","207,831","5.5%","207,288","5.5%","194,255","6.3%","97,420","6.4%","96,835","6.2%","2,257,499","5.7%","1,159,051","5.9%","1,098,448","5.6%","323,548","5.4%","167,233","5.5%","156,315","5.3%","196,526","5.3%","102,579","5.7%","93,947","5.0%","57,714","5.5%","28,485","5.6%","29,229","5.4%","40,844","5.8%","19,365","5.8%","21,479","5.8%","1,209,854","5.2%","616,806","5.4%","593,048","5.0%","685,711","6.1%","355,452","6.5%","330,259","5.8%","86,743","6.0%","45,897","6.3%","40,846","5.7%","126,464","6.3%","64,717","6.4%","61,747","6.2%","748,386","5.9%","390,127","6.2%","358,259","5.6%","429,402","6.2%","218,405","6.4%","210,997","6.0%","196,600","6.1%","102,647","6.3%","93,953","5.8%","180,310","6.1%","89,992","6.1%","90,318","6.1%","270,128","5.9%","139,342","6.1%","130,786","5.7%","293,400","6.4%","150,976","6.7%","142,424","6.0%","72,063","5.1%","36,610","5.3%","35,453","5.0%","374,228","6.0%","189,746","6.2%","184,482","5.7%","360,104","5.0%","184,339","5.3%","175,765","4.8%","573,436","5.7%","291,483","5.8%","281,953","5.5%","356,597","6.2%","179,607","6.2%","176,990","6.1%","174,865","5.9%","88,749","6.2%","86,116","5.7%","370,752","5.9%","185,264","6.0%","185,488","5.9%","64,466","5.7%","32,613","5.7%","31,853","5.7%","133,424","6.7%","68,056","6.7%","65,368","6.6%","184,454","5.6%","91,371","5.5%","93,083","5.7%","64,135","4.6%","32,898","4.7%","31,237","4.4%","545,799","5.7%","275,455","5.9%","270,344","5.6%","112,610","5.3%","59,547","5.6%","53,063","5.0%","1,069,087","5.4%","546,553","5.6%","522,534","5.1%","648,697","5.9%","331,171","6.1%","317,526","5.6%","49,702","6.2%","25,974","6.4%","23,728","6.1%","720,032","6.1%","369,771","6.3%","350,261","5.8%","266,035","6.5%","135,598","6.6%","130,437","6.3%","224,138","5.2%","116,981","5.5%","107,157","5.0%","714,860","5.5%","364,580","5.7%","350,280","5.3%","53,158","4.8%","24,810","4.5%","28,348","5.0%","306,463","5.6%","157,526","5.9%","148,937","5.3%","60,056","6.5%","30,352","6.4%","29,704","6.6%","417,746","5.8%","214,054","6.0%","203,692","5.5%","2,103,565","6.7%","1,072,050","6.9%","1,031,515","6.6%","250,150","7.1%","126,522","7.1%","123,628","7.2%","29,754","4.6%","16,647","5.2%","13,107","4.0%","514,461","5.8%","265,809","6.1%","248,652","5.6%","466,661","5.9%","237,146","5.9%","229,515","5.8%","84,907","4.8%","42,945","4.9%","41,962","4.7%","336,976","5.7%","173,215","5.8%","163,761","5.5%","31,498","5.4%","15,871","5.3%","15,627","5.5%","123,329","3.9%","62,986","4.2%","60,343","3.6%"
"        10 to 14 years","328,997","6.4%","164,873","6.6%","164,124","6.2%","53,079","7.2%","27,855","7.1%","25,224","7.2%","477,222","6.3%","246,928","6.5%","230,294","6.1%","200,474","6.5%","104,574","6.9%","95,900","6.1%","2,500,710","6.3%","1,279,071","6.5%","1,221,639","6.2%","352,668","5.9%","180,097","6.0%","172,571","5.9%","211,069","5.7%","107,177","5.9%","103,892","5.6%","62,720","6.0%","32,523","6.4%","30,197","5.5%","31,330","4.5%","17,192","5.2%","14,138","3.8%","1,318,374","5.6%","678,392","5.9%","639,982","5.4%","756,146","6.8%","383,057","7.0%","373,089","6.5%","81,872","5.7%","41,002","5.7%","40,870","5.7%","141,082","7.0%","72,660","7.2%","68,422","6.9%","780,742","6.1%","395,187","6.3%","385,555","6.0%","456,769","6.6%","236,356","6.9%","220,413","6.3%","213,055","6.6%","105,608","6.5%","107,447","6.6%","208,378","7.0%","109,523","7.4%","98,855","6.7%","300,036","6.5%","155,538","6.8%","144,498","6.2%","309,524","6.7%","154,751","6.9%","154,773","6.6%","68,336","4.9%","35,417","5.1%","32,919","4.6%","395,317","6.3%","200,672","6.6%","194,645","6.0%","396,840","5.6%","200,618","5.8%","196,222","5.4%","614,522","6.1%","314,990","6.3%","299,532","5.8%","380,214","6.6%","198,527","6.9%","181,687","6.3%","200,709","6.8%","104,087","7.3%","96,622","6.3%","401,895","6.4%","213,162","6.9%","188,733","6.0%","68,138","6.0%","34,933","6.1%","33,205","5.9%","136,906","6.8%","70,697","7.0%","66,209","6.6%","207,235","6.3%","109,920","6.7%","97,315","6.0%","75,273","5.3%","38,516","5.5%","36,757","5.2%","602,670","6.3%","313,492","6.7%","289,178","6.0%","140,563","6.6%","70,733","6.6%","69,830","6.6%","1,162,399","5.9%","596,751","6.1%","565,648","5.6%","665,306","6.0%","342,161","6.3%","323,145","5.7%","55,415","7.0%","26,588","6.5%","28,827","7.4%","726,058","6.1%","372,732","6.4%","353,326","5.9%","280,257","6.8%","146,560","7.2%","133,697","6.5%","247,898","5.8%","128,492","6.0%","119,406","5.6%","765,894","5.9%","392,660","6.1%","373,234","5.6%","60,206","5.4%","33,416","6.1%","26,790","4.7%","335,351","6.1%","171,694","6.4%","163,657","5.8%","63,718","6.9%","34,836","7.3%","28,882","6.4%","459,575","6.4%","238,684","6.7%","220,891","6.0%","2,215,238","7.1%","1,141,156","7.3%","1,074,082","6.8%","274,337","7.8%","145,413","8.2%","128,924","7.5%","33,752","5.2%","15,786","4.9%","17,966","5.5%","546,617","6.2%","283,971","6.5%","262,646","5.9%","472,576","5.9%","243,372","6.1%","229,204","5.8%","108,174","6.1%","57,247","6.5%","50,927","5.7%","360,640","6.1%","186,403","6.2%","174,237","5.9%","40,087","6.8%","20,765","6.9%","19,322","6.7%","160,119","5.0%","83,132","5.5%","76,987","4.6%"
"        15 to 19 years","358,378","6.9%","177,445","7.1%","180,933","6.8%","47,163","6.4%","25,912","6.6%","21,251","6.1%","506,259","6.7%","261,131","6.9%","245,128","6.5%","213,047","6.9%","108,080","7.1%","104,967","6.7%","2,641,200","6.7%","1,350,715","6.9%","1,290,485","6.5%","376,768","6.3%","199,363","6.6%","177,405","6.0%","241,497","6.6%","120,296","6.7%","121,201","6.5%","66,217","6.3%","31,381","6.2%","34,836","6.4%","37,960","5.4%","17,787","5.4%","20,173","5.4%","1,362,318","5.8%","697,079","6.1%","665,239","5.6%","784,334","7.0%","408,905","7.5%","375,429","6.5%","79,626","5.5%","41,097","5.7%","38,529","5.3%","146,348","7.3%","73,929","7.3%","72,419","7.3%","835,057","6.6%","428,112","6.8%","406,945","6.3%","480,835","6.9%","248,932","7.3%","231,903","6.6%","226,814","7.0%","118,828","7.3%","107,986","6.7%","213,250","7.2%","109,172","7.3%","104,078","7.0%","309,599","6.7%","158,229","7.0%","151,370","6.5%","310,430","6.8%","161,318","7.2%","149,112","6.3%","80,330","5.7%","42,330","6.1%","38,000","5.3%","401,855","6.4%","208,199","6.9%","193,656","6.0%","462,859","6.5%","228,873","6.6%","233,986","6.4%","652,892","6.4%","334,102","6.7%","318,790","6.2%","387,902","6.7%","197,834","6.8%","190,068","6.6%","222,194","7.5%","113,023","8.0%","109,171","7.2%","407,725","6.5%","205,638","6.7%","202,087","6.4%","73,109","6.4%","37,841","6.6%","35,268","6.3%","143,504","7.2%","75,861","7.5%","67,643","6.8%","198,766","6.1%","103,262","6.3%","95,504","5.9%","86,606","6.1%","41,086","5.9%","45,520","6.4%","591,822","6.2%","300,826","6.4%","290,996","6.0%","142,976","6.7%","73,406","6.9%","69,570","6.5%","1,209,141","6.1%","613,917","6.3%","595,224","5.9%","730,298","6.6%","368,725","6.8%","361,573","6.4%","55,036","6.9%","28,753","7.0%","26,283","6.8%","776,171","6.5%","392,963","6.7%","383,208","6.4%","293,519","7.2%","153,359","7.5%","140,160","6.8%","258,469","6.0%","136,506","6.4%","121,963","5.7%","856,231","6.5%","434,323","6.7%","421,908","6.4%","74,539","6.7%","37,891","6.9%","36,648","6.5%","370,185","6.8%","191,106","7.2%","179,079","6.4%","65,617","7.1%","33,229","7.0%","32,388","7.2%","463,487","6.4%","239,546","6.8%","223,941","6.1%","2,269,275","7.3%","1,167,736","7.5%","1,101,539","7.0%","290,563","8.3%","149,634","8.4%","140,929","8.2%","42,352","6.5%","20,307","6.3%","22,045","6.7%","585,661","6.6%","304,061","7.0%","281,600","6.3%","478,651","6.0%","250,037","6.2%","228,614","5.8%","113,272","6.4%","59,386","6.7%","53,886","6.1%","386,359","6.5%","198,932","6.7%","187,427","6.3%","41,098","7.0%","23,225","7.7%","17,873","6.2%","188,887","5.9%","98,598","6.5%","90,289","5.4%"
"        20 to 24 years","331,692","6.4%","167,010","6.7%","164,682","6.2%","50,498","6.8%","29,529","7.6%","20,969","6.0%","520,068","6.9%","269,458","7.1%","250,610","6.6%","205,309","6.6%","103,147","6.8%","102,162","6.5%","2,572,905","6.5%","1,320,991","6.7%","1,251,914","6.3%","393,084","6.6%","202,948","6.7%","190,136","6.5%","240,070","6.5%","124,379","6.9%","115,691","6.2%","63,767","6.1%","33,301","6.6%","30,466","5.6%","51,246","7.3%","22,533","6.8%","28,713","7.8%","1,361,088","5.8%","694,572","6.0%","666,516","5.6%","753,379","6.7%","377,995","6.9%","375,384","6.5%","84,875","5.9%","46,971","6.5%","37,904","5.2%","141,723","7.1%","71,397","7.1%","70,326","7.1%","841,408","6.6%","430,306","6.9%","411,102","6.4%","468,144","6.8%","241,354","7.0%","226,790","6.5%","226,569","7.0%","116,428","7.2%","110,141","6.8%","211,120","7.1%","110,315","7.4%","100,805","6.8%","300,912","6.6%","154,815","6.8%","146,097","6.3%","296,434","6.4%","149,377","6.7%","147,057","6.2%","75,917","5.4%","39,747","5.7%","36,170","5.1%","376,761","6.0%","189,614","6.2%","187,147","5.8%","495,030","6.9%","246,922","7.1%","248,108","6.8%","672,333","6.6%","343,862","6.9%","328,471","6.4%","367,393","6.3%","187,308","6.5%","180,085","6.2%","197,983","6.7%","104,300","7.3%","93,683","6.2%","418,812","6.7%","215,885","7.0%","202,927","6.4%","73,816","6.5%","39,999","7.0%","33,817","6.0%","143,303","7.1%","72,767","7.2%","70,536","7.1%","189,598","5.8%","97,171","5.9%","92,427","5.7%","83,273","5.9%","45,604","6.5%","37,669","5.3%","577,739","6.1%","298,188","6.4%","279,551","5.8%","145,235","6.8%","75,329","7.1%","69,906","6.6%","1,269,486","6.4%","636,002","6.6%","633,484","6.2%","750,306","6.8%","385,841","7.2%","364,465","6.5%","61,599","7.7%","34,691","8.5%","26,908","6.9%","755,491","6.4%","386,544","6.6%","368,947","6.1%","287,093","7.0%","148,553","7.3%","138,540","6.7%","259,722","6.1%","131,704","6.2%","128,018","6.0%","815,898","6.2%","415,198","6.4%","400,700","6.0%","75,910","6.8%","38,763","7.1%","37,147","6.6%","347,622","6.3%","180,762","6.8%","166,860","5.9%","58,398","6.3%","31,300","6.6%","27,098","6.0%","480,179","6.6%","246,068","6.9%","234,111","6.4%","2,174,045","6.9%","1,114,446","7.1%","1,059,599","6.8%","306,343","8.7%","157,754","8.9%","148,589","8.6%","41,468","6.4%","21,405","6.7%","20,063","6.1%","580,114","6.6%","296,844","6.8%","283,270","6.4%","490,317","6.2%","255,228","6.4%","235,089","6.0%","108,515","6.1%","55,980","6.4%","52,535","5.9%","401,318","6.7%","204,534","6.9%","196,784","6.6%","37,247","6.3%","21,165","7.0%","16,082","5.6%","212,615","6.6%","104,261","6.9%","108,354","6.4%"
"        25 to 29 years","316,960","6.1%","157,413","6.3%","159,547","6.0%","53,084","7.2%","28,734","7.4%","24,350","7.0%","519,901","6.9%","269,134","7.1%","250,767","6.6%","192,786","6.2%","99,535","6.6%","93,251","5.9%","2,706,297","6.9%","1,377,449","7.0%","1,328,848","6.7%","446,132","7.5%","229,964","7.6%","216,168","7.4%","229,686","6.2%","117,707","6.5%","111,979","6.0%","59,395","5.6%","29,632","5.8%","29,763","5.5%","73,496","10.5%","32,711","9.9%","40,785","11.0%","1,391,939","6.0%","706,493","6.1%","685,446","5.8%","741,035","6.6%","370,271","6.8%","370,764","6.5%","89,953","6.2%","46,695","6.5%","43,258","6.0%","128,260","6.4%","68,155","6.8%","60,105","6.0%","846,237","6.7%","421,829","6.7%","424,408","6.6%","454,963","6.6%","228,913","6.7%","226,050","6.5%","204,995","6.3%","105,218","6.5%","99,777","6.2%","195,343","6.6%","103,104","6.9%","92,239","6.2%","293,882","6.4%","151,435","6.7%","142,447","6.2%","279,202","6.1%","140,159","6.2%","139,043","5.9%","80,792","5.8%","40,350","5.8%","40,442","5.7%","382,738","6.1%","189,465","6.2%","193,273","6.0%","492,596","6.9%","245,706","7.1%","246,890","6.8%","651,272","6.4%","333,788","6.7%","317,484","6.2%","361,846","6.2%","183,867","6.3%","177,979","6.1%","177,690","6.0%","86,356","6.1%","91,334","6.0%","399,410","6.4%","201,417","6.5%","197,993","6.3%","69,436","6.1%","37,097","6.4%","32,339","5.8%","128,877","6.4%","65,683","6.5%","63,194","6.3%","222,122","6.8%","114,123","6.9%","107,999","6.7%","81,315","5.8%","42,260","6.0%","39,055","5.5%","591,257","6.2%","296,256","6.3%","295,001","6.1%","132,027","6.2%","68,728","6.5%","63,299","5.9%","1,365,498","6.9%","671,554","6.9%","693,944","6.8%","717,739","6.5%","362,995","6.7%","354,744","6.3%","57,096","7.2%","30,079","7.4%","27,017","7.0%","756,876","6.4%","385,199","6.6%","371,677","6.2%","267,783","6.5%","137,211","6.7%","130,572","6.4%","278,217","6.5%","141,613","6.7%","136,604","6.4%","792,347","6.1%","401,069","6.2%","391,278","5.9%","71,644","6.4%","36,523","6.7%","35,121","6.2%","328,886","6.0%","163,294","6.1%","165,592","5.9%","60,517","6.5%","31,612","6.7%","28,905","6.4%","477,658","6.6%","238,890","6.7%","238,768","6.5%","2,202,143","7.0%","1,120,748","7.2%","1,081,395","6.9%","274,392","7.8%","141,977","8.0%","132,415","7.7%","36,062","5.6%","18,570","5.8%","17,492","5.3%","559,887","6.4%","283,075","6.5%","276,812","6.2%","568,122","7.1%","293,015","7.3%","275,107","7.0%","104,282","5.9%","55,432","6.3%","48,850","5.5%","374,339","6.3%","191,296","6.4%","183,043","6.1%","35,539","6.0%","16,422","5.5%","19,117","6.7%","206,423","6.4%","106,775","7.0%","99,648","5.9%"
"        30 to 34 years","338,387","6.6%","166,602","6.7%","171,785","6.4%","60,227","8.1%","31,037","8.0%","29,190","8.3%","527,833","7.0%","272,512","7.2%","255,321","6.7%","197,737","6.4%","99,359","6.5%","98,378","6.3%","3,002,440","7.6%","1,537,122","7.8%","1,465,318","7.4%","497,299","8.3%","261,223","8.7%","236,076","8.0%","238,518","6.5%","120,053","6.7%","118,465","6.3%","67,753","6.4%","34,870","6.9%","32,883","6.0%","77,820","11.1%","37,052","11.2%","40,768","11.0%","1,533,094","6.6%","771,536","6.7%","761,558","6.4%","785,173","7.0%","384,222","7.1%","400,951","7.0%","95,753","6.6%","49,192","6.8%","46,561","6.4%","131,061","6.5%","66,409","6.6%","64,652","6.5%","890,856","7.0%","447,362","7.1%","443,494","6.9%","474,739","6.9%","240,399","7.0%","234,340","6.7%","205,103","6.3%","104,146","6.4%","100,957","6.2%","191,382","6.4%","96,322","6.5%","95,060","6.4%","305,546","6.7%","155,424","6.8%","150,122","6.5%","311,808","6.8%","148,481","6.6%","163,327","6.9%","91,293","6.5%","45,474","6.6%","45,819","6.4%","424,852","6.8%","207,027","6.8%","217,825","6.8%","504,160","7.1%","253,610","7.3%","250,550","6.9%","693,385","6.8%","350,338","7.0%","343,047","6.7%","387,308","6.7%","195,946","6.8%","191,362","6.6%","181,437","6.2%","84,944","6.0%","96,493","6.3%","418,223","6.7%","208,863","6.8%","209,360","6.6%","72,892","6.4%","37,182","6.5%","35,710","6.4%","132,526","6.6%","68,292","6.8%","64,234","6.5%","248,902","7.6%","125,900","7.6%","123,002","7.6%","96,133","6.8%","50,019","7.1%","46,114","6.5%","643,723","6.8%","321,614","6.9%","322,109","6.7%","142,969","6.7%","74,022","6.9%","68,947","6.5%","1,434,976","7.2%","719,194","7.4%","715,782","7.0%","764,029","6.9%","378,715","7.0%","385,314","6.8%","57,761","7.3%","30,924","7.6%","26,837","6.9%","805,431","6.8%","405,657","6.9%","399,774","6.6%","274,583","6.7%","139,046","6.8%","135,537","6.6%","306,803","7.2%","155,604","7.3%","151,199","7.1%","873,082","6.7%","443,374","6.9%","429,708","6.5%","79,024","7.1%","40,500","7.4%","38,524","6.8%","359,706","6.6%","176,484","6.6%","183,222","6.5%","56,468","6.1%","30,324","6.4%","26,144","5.8%","515,031","7.1%","255,957","7.2%","259,074","7.0%","2,312,414","7.4%","1,173,641","7.5%","1,138,773","7.3%","253,942","7.2%","130,465","7.3%","123,477","7.2%","38,704","6.0%","19,765","6.2%","18,939","5.8%","600,236","6.8%","299,427","6.9%","300,809","6.8%","641,691","8.1%","332,043","8.3%","309,648","7.8%","108,842","6.1%","56,348","6.4%","52,494","5.9%","383,127","6.4%","196,216","6.6%","186,911","6.3%","38,272","6.5%","19,722","6.5%","18,550","6.5%","205,615","6.4%","100,236","6.6%","105,379","6.2%"
"        35 to 39 years","330,906","6.4%","163,977","6.6%","166,929","6.3%","58,570","7.9%","30,878","7.9%","27,692","7.9%","494,476","6.5%","258,707","6.8%","235,769","6.2%","201,214","6.5%","99,160","6.5%","102,054","6.5%","2,848,870","7.2%","1,470,860","7.5%","1,378,010","7.0%","458,133","7.7%","233,520","7.7%","224,613","7.6%","243,982","6.6%","118,515","6.6%","125,467","6.7%","67,752","6.4%","33,103","6.5%","34,649","6.4%","63,730","9.1%","31,355","9.4%","32,375","8.7%","1,530,902","6.6%","772,821","6.7%","758,081","6.4%","768,432","6.9%","371,111","6.8%","397,321","6.9%","97,383","6.7%","50,246","6.9%","47,137","6.5%","136,116","6.8%","68,024","6.8%","68,092","6.8%","860,154","6.8%","432,924","6.9%","427,230","6.6%","449,243","6.5%","226,005","6.6%","223,238","6.4%","203,963","6.3%","103,638","6.4%","100,325","6.2%","197,118","6.6%","100,009","6.7%","97,109","6.5%","296,214","6.5%","150,493","6.6%","145,721","6.3%","310,392","6.8%","148,925","6.6%","161,467","6.9%","87,739","6.2%","43,767","6.3%","43,972","6.2%","443,637","7.1%","220,102","7.2%","223,535","6.9%","496,754","7.0%","250,779","7.2%","245,975","6.7%","642,059","6.3%","322,335","6.4%","319,724","6.2%","402,071","6.9%","205,892","7.1%","196,179","6.8%","175,077","5.9%","81,389","5.7%","93,688","6.2%","416,457","6.7%","210,986","6.9%","205,471","6.5%","71,757","6.3%","38,633","6.7%","33,124","5.9%","128,735","6.4%","66,762","6.6%","61,973","6.2%","238,676","7.3%","123,080","7.5%","115,596","7.1%","91,265","6.5%","46,918","6.7%","44,347","6.3%","659,856","6.9%","332,709","7.1%","327,147","6.8%","149,860","7.0%","79,180","7.4%","70,680","6.6%","1,368,588","6.9%","688,189","7.1%","680,399","6.7%","735,094","6.7%","360,908","6.7%","374,186","6.6%","58,557","7.4%","30,657","7.5%","27,900","7.2%","781,563","6.6%","396,096","6.8%","385,467","6.4%","281,474","6.9%","144,601","7.1%","136,873","6.7%","314,955","7.4%","162,555","7.6%","152,400","7.1%","851,745","6.5%","418,784","6.5%","432,961","6.5%","74,402","6.7%","37,394","6.8%","37,008","6.6%","348,212","6.4%","174,846","6.5%","173,366","6.2%","61,204","6.6%","32,468","6.8%","28,736","6.4%","473,830","6.6%","230,688","6.5%","243,142","6.6%","2,245,452","7.2%","1,142,488","7.3%","1,102,964","7.0%","232,599","6.6%","114,853","6.5%","117,746","6.8%","42,900","6.6%","20,756","6.5%","22,144","6.7%","620,970","7.0%","307,242","7.1%","313,728","7.0%","610,704","7.7%","317,068","7.9%","293,636","7.4%","108,688","6.1%","54,406","6.2%","54,282","6.1%","383,191","6.4%","194,367","6.5%","188,824","6.3%","40,235","6.8%","21,176","7.0%","19,059","6.7%","193,377","6.0%","90,722","6.0%","102,655","6.1%"
"        40 to 44 years","327,479","6.3%","155,700","6.3%","171,779","6.4%","49,628","6.7%","26,926","6.9%","22,702","6.5%","486,580","6.4%","245,202","6.5%","241,378","6.4%","204,905","6.6%","103,425","6.8%","101,480","6.5%","2,753,109","7.0%","1,402,460","7.1%","1,350,649","6.8%","434,539","7.3%","231,340","7.7%","203,199","6.9%","235,570","6.4%","120,531","6.7%","115,039","6.2%","64,490","6.1%","30,173","6.0%","34,317","6.3%","56,764","8.1%","27,663","8.3%","29,101","7.9%","1,533,570","6.6%","772,230","6.7%","761,340","6.4%","761,545","6.8%","370,420","6.8%","391,125","6.8%","99,781","6.9%","48,839","6.7%","50,942","7.1%","131,234","6.6%","68,314","6.8%","62,920","6.3%","844,820","6.6%","426,711","6.8%","418,109","6.5%","439,852","6.4%","218,733","6.4%","221,119","6.3%","208,504","6.4%","108,928","6.7%","99,576","6.2%","195,743","6.6%","100,621","6.8%","95,122","6.4%","296,018","6.5%","147,439","6.5%","148,579","6.4%","308,217","6.7%","158,937","7.1%","149,280","6.3%","89,227","6.4%","43,674","6.3%","45,553","6.4%","432,858","6.9%","211,755","7.0%","221,103","6.9%","462,408","6.5%","227,883","6.5%","234,525","6.4%","613,119","6.0%","310,051","6.2%","303,068","5.9%","394,824","6.8%","200,650","6.9%","194,174","6.7%","198,628","6.7%","96,553","6.8%","102,075","6.7%","401,321","6.4%","197,800","6.4%","203,521","6.4%","79,662","7.0%","40,297","7.0%","39,365","7.0%","136,555","6.8%","68,519","6.8%","68,036","6.8%","224,852","6.9%","116,100","7.0%","108,752","6.7%","88,154","6.3%","44,379","6.3%","43,775","6.2%","619,578","6.5%","312,059","6.7%","307,519","6.4%","137,495","6.5%","70,546","6.6%","66,949","6.3%","1,250,829","6.3%","622,002","6.4%","628,827","6.2%","720,070","6.5%","351,222","6.5%","368,848","6.5%","51,858","6.5%","26,269","6.4%","25,589","6.6%","746,195","6.3%","370,272","6.3%","375,923","6.2%","273,163","6.7%","133,847","6.6%","139,316","6.8%","302,483","7.1%","151,889","7.1%","150,594","7.0%","853,717","6.5%","442,380","6.9%","411,337","6.2%","74,757","6.7%","39,164","7.2%","35,593","6.3%","354,742","6.5%","170,515","6.4%","184,227","6.6%","58,684","6.3%","30,776","6.5%","27,908","6.2%","471,301","6.5%","231,424","6.5%","239,877","6.5%","2,246,189","7.2%","1,136,190","7.3%","1,109,999","7.1%","240,628","6.9%","127,007","7.1%","113,621","6.6%","39,675","6.1%","19,976","6.2%","19,699","6.0%","610,539","6.9%","309,014","7.1%","301,525","6.8%","568,763","7.1%","292,252","7.3%","276,511","7.0%","107,268","6.1%","55,039","6.2%","52,229","5.9%","378,213","6.3%","191,637","6.4%","186,576","6.3%","40,926","7.0%","21,376","7.1%","19,550","6.8%","201,848","6.3%","99,241","6.5%","102,607","6.1%"
"        45 to 49 years","304,452","5.9%","145,897","5.9%","158,555","5.9%","43,637","5.9%","23,528","6.0%","20,109","5.7%","433,176","5.7%","217,568","5.8%","215,608","5.7%","182,734","5.9%","89,349","5.9%","93,385","5.9%","2,434,775","6.2%","1,224,094","6.2%","1,210,681","6.1%","366,058","6.1%","187,517","6.2%","178,541","6.1%","215,153","5.9%","105,029","5.8%","110,124","5.9%","57,213","5.4%","27,360","5.4%","29,853","5.5%","39,775","5.7%","19,563","5.9%","20,212","5.5%","1,383,694","5.9%","684,187","6.0%","699,507","5.9%","695,097","6.2%","333,561","6.1%","361,536","6.3%","84,722","5.9%","43,073","5.9%","41,649","5.8%","115,846","5.8%","58,913","5.8%","56,933","5.7%","781,640","6.1%","391,949","6.2%","389,691","6.1%","406,427","5.9%","205,121","6.0%","201,306","5.8%","187,278","5.8%","95,531","5.9%","91,747","5.7%","167,660","5.6%","86,456","5.8%","81,204","5.5%","274,867","6.0%","137,984","6.1%","136,883","5.9%","278,409","6.1%","135,459","6.0%","142,950","6.1%","77,878","5.5%","38,917","5.6%","38,961","5.5%","382,502","6.1%","188,821","6.2%","193,681","6.0%","413,472","5.8%","203,012","5.8%","210,460","5.8%","576,223","5.7%","284,751","5.7%","291,472","5.7%","339,460","5.9%","173,640","6.0%","165,820","5.7%","179,102","6.1%","87,550","6.2%","91,552","6.0%","360,224","5.8%","179,398","5.8%","180,826","5.7%","67,223","5.9%","34,383","6.0%","32,840","5.8%","117,847","5.9%","59,664","5.9%","58,183","5.8%","201,499","6.2%","101,593","6.2%","99,906","6.2%","80,018","5.7%","40,338","5.7%","39,680","5.6%","592,549","6.2%","295,164","6.3%","297,385","6.2%","123,636","5.8%","60,500","5.7%","63,136","5.9%","1,164,557","5.9%","575,589","5.9%","588,968","5.8%","662,917","6.0%","326,024","6.0%","336,893","6.0%","41,757","5.2%","23,830","5.8%","17,927","4.6%","681,549","5.7%","341,676","5.8%","339,873","5.6%","238,750","5.8%","120,592","5.9%","118,158","5.7%","268,436","6.3%","134,477","6.3%","133,959","6.2%","735,396","5.6%","366,698","5.7%","368,698","5.6%","61,656","5.5%","29,637","5.4%","32,019","5.7%","315,876","5.8%","151,226","5.7%","164,650","5.9%","51,705","5.6%","28,015","5.9%","23,690","5.3%","426,149","5.9%","210,668","5.9%","215,481","5.9%","1,960,477","6.3%","980,273","6.3%","980,204","6.3%","221,343","6.3%","113,195","6.4%","108,148","6.3%","39,114","6.0%","19,575","6.1%","19,539","6.0%","542,093","6.2%","266,877","6.1%","275,216","6.2%","484,161","6.1%","247,472","6.2%","236,689","6.0%","106,102","6.0%","51,737","5.9%","54,365","6.1%","347,126","5.8%","177,140","5.9%","169,986","5.7%","34,791","5.9%","17,638","5.9%","17,153","6.0%","202,007","6.3%","95,074","6.3%","106,933","6.3%"
"        50 to 54 years","318,895","6.2%","156,919","6.3%","161,976","6.1%","38,983","5.3%","20,445","5.2%","18,538","5.3%","435,880","5.7%","216,536","5.7%","219,344","5.8%","184,414","6.0%","89,377","5.9%","95,037","6.1%","2,426,685","6.2%","1,214,417","6.2%","1,212,268","6.1%","352,365","5.9%","182,820","6.1%","169,545","5.8%","225,311","6.1%","110,488","6.1%","114,823","6.1%","59,062","5.6%","28,697","5.7%","30,365","5.6%","34,776","5.0%","17,565","5.3%","17,211","4.6%","1,450,006","6.2%","716,799","6.2%","733,207","6.2%","724,731","6.5%","351,421","6.5%","373,310","6.5%","84,567","5.8%","42,291","5.8%","42,276","5.9%","109,769","5.5%","54,974","5.5%","54,795","5.5%","782,763","6.2%","391,008","6.2%","391,755","6.1%","409,440","5.9%","204,042","5.9%","205,398","5.9%","180,403","5.6%","90,602","5.6%","89,801","5.5%","161,431","5.4%","82,688","5.6%","78,743","5.3%","279,009","6.1%","140,023","6.2%","138,986","6.0%","257,029","5.6%","126,970","5.7%","130,059","5.5%","88,932","6.3%","44,401","6.4%","44,531","6.3%","384,466","6.1%","185,364","6.1%","199,102","6.2%","432,547","6.1%","212,435","6.1%","220,112","6.0%","614,862","6.1%","305,719","6.1%","309,143","6.0%","327,027","5.6%","166,967","5.8%","160,060","5.5%","180,264","6.1%","88,118","6.2%","92,146","6.1%","359,296","5.8%","179,244","5.8%","180,052","5.7%","62,936","5.5%","31,858","5.5%","31,078","5.5%","104,997","5.2%","54,460","5.4%","50,537","5.1%","203,863","6.2%","102,814","6.2%","101,049","6.2%","86,954","6.2%","43,556","6.2%","43,398","6.1%","599,510","6.3%","297,089","6.4%","302,421","6.3%","115,497","5.4%","57,735","5.4%","57,762","5.4%","1,200,307","6.0%","589,572","6.1%","610,735","6.0%","692,498","6.3%","335,450","6.2%","357,048","6.3%","37,378","4.7%","19,045","4.7%","18,333","4.7%","709,836","6.0%","352,865","6.0%","356,971","5.9%","230,908","5.6%","116,166","5.7%","114,742","5.6%","262,238","6.1%","133,628","6.3%","128,610","6.0%","781,516","6.0%","390,651","6.1%","390,865","5.9%","65,540","5.9%","32,073","5.9%","33,467","5.9%","334,554","6.1%","161,832","6.1%","172,722","6.2%","48,189","5.2%","24,115","5.1%","24,074","5.4%","449,921","6.2%","221,139","6.2%","228,782","6.2%","1,873,902","6.0%","935,829","6.0%","938,073","6.0%","183,912","5.2%","93,644","5.3%","90,268","5.2%","39,521","6.1%","20,874","6.5%","18,647","5.7%","535,275","6.1%","269,318","6.2%","265,957","6.0%","460,807","5.8%","232,761","5.8%","228,046","5.8%","113,262","6.4%","57,400","6.5%","55,862","6.3%","346,208","5.8%","174,756","5.9%","171,452","5.8%","32,242","5.5%","17,178","5.7%","15,064","5.3%","199,691","6.2%","92,690","6.1%","107,001","6.3%"
"        55 to 59 years","309,735","6.0%","149,999","6.0%","159,736","6.0%","36,095","4.9%","19,161","4.9%","16,934","4.8%","409,768","5.4%","197,287","5.2%","212,481","5.6%","172,334","5.6%","85,459","5.6%","86,875","5.5%","2,325,201","5.9%","1,156,579","5.9%","1,168,622","5.9%","311,902","5.2%","155,116","5.1%","156,786","5.3%","246,162","6.7%","123,290","6.8%","122,872","6.6%","64,820","6.2%","30,567","6.0%","34,253","6.3%","32,940","4.7%","16,781","5.1%","16,159","4.4%","1,458,378","6.2%","706,262","6.1%","752,116","6.3%","653,752","5.8%","318,045","5.8%","335,707","5.8%","83,512","5.8%","40,479","5.6%","43,033","6.0%","104,035","5.2%","50,873","5.1%","53,162","5.3%","747,925","5.9%","372,427","5.9%","375,498","5.8%","394,661","5.7%","194,529","5.7%","200,132","5.7%","176,569","5.4%","85,165","5.2%","91,404","5.6%","156,462","5.3%","76,445","5.1%","80,017","5.4%","276,551","6.0%","135,600","6.0%","140,951","6.1%","255,271","5.6%","123,000","5.5%","132,271","5.6%","91,659","6.5%","44,218","6.4%","47,441","6.7%","394,649","6.3%","186,370","6.1%","208,279","6.5%","456,096","6.4%","222,419","6.4%","233,677","6.4%","631,061","6.2%","311,172","6.2%","319,889","6.2%","326,177","5.6%","167,362","5.8%","158,815","5.5%","163,553","5.6%","76,933","5.4%","86,620","5.7%","364,956","5.8%","179,035","5.8%","185,921","5.9%","62,562","5.5%","31,084","5.4%","31,478","5.6%","108,663","5.4%","53,718","5.3%","54,945","5.5%","194,640","6.0%","99,300","6.0%","95,340","5.9%","97,467","6.9%","48,373","6.9%","49,094","6.9%","626,140","6.6%","304,390","6.5%","321,750","6.7%","117,308","5.5%","54,452","5.1%","62,856","5.9%","1,234,166","6.2%","593,687","6.1%","640,479","6.3%","660,551","6.0%","320,852","5.9%","339,699","6.0%","38,373","4.8%","19,895","4.9%","18,478","4.8%","692,000","5.8%","348,900","5.9%","343,100","5.7%","217,206","5.3%","108,818","5.3%","108,388","5.3%","242,084","5.7%","120,708","5.7%","121,376","5.7%","813,719","6.2%","406,340","6.3%","407,379","6.1%","73,717","6.6%","36,317","6.6%","37,400","6.6%","318,974","5.8%","153,587","5.8%","165,387","5.9%","48,406","5.2%","24,866","5.2%","23,540","5.2%","451,089","6.2%","220,986","6.2%","230,103","6.2%","1,654,232","5.3%","826,363","5.3%","827,869","5.3%","158,374","4.5%","79,901","4.5%","78,473","4.5%","39,327","6.1%","20,141","6.3%","19,186","5.8%","522,499","5.9%","253,231","5.8%","269,268","6.0%","443,051","5.6%","224,296","5.6%","218,755","5.5%","109,445","6.2%","54,211","6.1%","55,234","6.2%","359,498","6.0%","183,307","6.1%","176,191","5.9%","31,081","5.3%","14,653","4.9%","16,428","5.7%","200,217","6.3%","91,941","6.1%","108,276","6.4%"
"        60 to 64 years","338,081","6.6%","161,278","6.5%","176,803","6.6%","48,285","6.5%","25,179","6.5%","23,106","6.6%","470,981","6.2%","230,703","6.1%","240,278","6.3%","199,839","6.5%","95,529","6.3%","104,310","6.6%","2,353,557","6.0%","1,166,240","5.9%","1,187,317","6.0%","358,170","6.0%","173,672","5.8%","184,498","6.3%","258,292","7.0%","121,224","6.7%","137,068","7.3%","78,402","7.5%","36,790","7.3%","41,612","7.6%","31,397","4.5%","14,980","4.5%","16,417","4.4%","1,598,019","6.8%","772,714","6.7%","825,305","6.9%","693,397","6.2%","331,669","6.1%","361,728","6.3%","89,997","6.2%","45,093","6.2%","44,904","6.2%","123,535","6.2%","62,301","6.2%","61,234","6.2%","820,471","6.5%","399,542","6.4%","420,929","6.5%","437,865","6.3%","216,384","6.3%","221,481","6.3%","212,956","6.6%","108,413","6.7%","104,543","6.5%","187,617","6.3%","93,763","6.3%","93,854","6.3%","298,235","6.5%","143,533","6.3%","154,702","6.7%","296,262","6.4%","139,767","6.2%","156,495","6.6%","112,411","8.0%","54,693","7.9%","57,718","8.1%","418,632","6.7%","202,865","6.7%","215,767","6.7%","480,367","6.7%","230,958","6.6%","249,409","6.8%","692,548","6.8%","339,268","6.8%","353,280","6.9%","387,464","6.7%","189,443","6.5%","198,021","6.8%","196,504","6.7%","93,675","6.6%","102,829","6.8%","414,189","6.6%","202,056","6.6%","212,133","6.7%","75,858","6.7%","37,167","6.5%","38,691","6.9%","120,555","6.0%","61,584","6.1%","58,971","5.9%","207,772","6.4%","103,747","6.3%","104,025","6.4%","113,497","8.1%","56,353","8.0%","57,144","8.1%","617,792","6.5%","302,958","6.5%","314,834","6.5%","137,491","6.5%","68,642","6.4%","68,849","6.5%","1,341,974","6.8%","656,523","6.8%","685,451","6.7%","712,932","6.5%","340,931","6.3%","372,001","6.6%","48,141","6.0%","24,275","5.9%","23,866","6.2%","808,463","6.8%","385,996","6.6%","422,467","7.0%","251,296","6.1%","121,749","6.0%","129,547","6.3%","259,520","6.1%","126,304","5.9%","133,216","6.2%","897,859","6.9%","434,092","6.7%","463,767","7.0%","76,162","6.8%","36,448","6.7%","39,714","7.0%","382,202","7.0%","179,240","6.7%","202,962","7.2%","62,221","6.7%","30,322","6.4%","31,899","7.1%","457,600","6.3%","219,804","6.2%","237,796","6.5%","1,716,681","5.5%","831,356","5.3%","885,325","5.6%","153,092","4.4%","75,773","4.3%","77,319","4.5%","50,559","7.8%","24,162","7.5%","26,397","8.0%","570,944","6.5%","278,043","6.4%","292,901","6.6%","475,653","6.0%","232,949","5.8%","242,704","6.1%","123,949","7.0%","61,023","6.9%","62,926","7.1%","429,894","7.2%","210,229","7.0%","219,665","7.4%","38,885","6.6%","19,629","6.5%","19,256","6.7%","229,373","7.2%","103,880","6.8%","125,493","7.4%"
"        65 to 69 years","308,640","6.0%","142,859","5.7%","165,781","6.2%","37,683","5.1%","19,751","5.1%","17,932","5.1%","446,202","5.9%","210,040","5.6%","236,162","6.2%","174,951","5.7%","81,707","5.4%","93,244","5.9%","2,060,536","5.2%","985,928","5.0%","1,074,608","5.4%","319,836","5.4%","150,925","5.0%","168,911","5.7%","227,182","6.2%","107,474","6.0%","119,708","6.4%","75,197","7.1%","33,999","6.7%","41,198","7.6%","27,028","3.8%","12,431","3.7%","14,597","3.9%","1,470,314","6.3%","681,834","5.9%","788,480","6.6%","570,466","5.1%","265,469","4.9%","304,997","5.3%","90,260","6.2%","42,885","5.9%","47,375","6.6%","109,538","5.5%","51,364","5.1%","58,174","5.9%","737,385","5.8%","352,872","5.6%","384,513","6.0%","395,194","5.7%","186,571","5.4%","208,623","6.0%","188,105","5.8%","91,934","5.7%","96,171","5.9%","168,867","5.7%","80,831","5.4%","88,036","5.9%","273,497","6.0%","130,049","5.7%","143,448","6.2%","269,672","5.9%","124,504","5.6%","145,168","6.2%","101,584","7.2%","48,978","7.1%","52,606","7.4%","351,727","5.6%","159,496","5.2%","192,231","6.0%","429,466","6.0%","204,404","5.9%","225,062","6.2%","638,629","6.3%","305,317","6.1%","333,312","6.5%","332,844","5.7%","160,324","5.5%","172,520","6.0%","172,857","5.9%","77,569","5.5%","95,288","6.3%","368,280","5.9%","175,666","5.7%","192,614","6.1%","74,436","6.5%","36,623","6.4%","37,813","6.7%","106,667","5.3%","53,108","5.3%","53,559","5.4%","177,331","5.4%","86,246","5.2%","91,085","5.6%","105,797","7.5%","49,736","7.1%","56,061","7.9%","545,682","5.7%","256,590","5.5%","289,092","6.0%","124,503","5.8%","57,784","5.4%","66,719","6.3%","1,173,791","5.9%","563,806","5.8%","609,985","6.0%","631,278","5.7%","292,905","5.4%","338,373","6.0%","43,965","5.5%","22,116","5.4%","21,849","5.6%","727,828","6.1%","349,656","6.0%","378,172","6.3%","229,299","5.6%","109,048","5.3%","120,251","5.9%","249,734","5.8%","116,959","5.5%","132,775","6.2%","825,524","6.3%","399,202","6.2%","426,322","6.4%","68,275","6.1%","32,497","5.9%","35,778","6.3%","343,669","6.3%","162,353","6.1%","181,316","6.5%","56,491","6.1%","28,397","6.0%","28,094","6.2%","408,329","5.6%","192,042","5.4%","216,287","5.9%","1,461,555","4.7%","699,293","4.5%","762,262","4.9%","145,297","4.1%","70,632","4.0%","74,665","4.3%","45,485","7.0%","21,705","6.8%","23,780","7.2%","493,723","5.6%","232,100","5.3%","261,623","5.9%","434,151","5.5%","207,459","5.2%","226,692","5.7%","121,712","6.9%","58,302","6.6%","63,410","7.1%","379,846","6.4%","187,538","6.3%","192,308","6.5%","36,575","6.2%","17,957","6.0%","18,618","6.5%","206,861","6.5%","94,356","6.2%","112,505","6.7%"
"        70 to 74 years","253,332","4.9%","114,607","4.6%","138,725","5.2%","32,900","4.4%","16,459","4.2%","16,441","4.7%","380,096","5.0%","175,356","4.6%","204,740","5.4%","152,572","4.9%","71,107","4.7%","81,465","5.2%","1,691,506","4.3%","785,673","4.0%","905,833","4.6%","270,872","4.5%","132,839","4.4%","138,033","4.7%","179,587","4.9%","85,748","4.8%","93,839","5.0%","60,775","5.8%","29,112","5.7%","31,663","5.8%","23,822","3.4%","9,881","3.0%","13,941","3.8%","1,280,438","5.5%","591,888","5.2%","688,550","5.8%","483,421","4.3%","214,778","3.9%","268,643","4.7%","77,127","5.3%","37,847","5.2%","39,280","5.4%","103,308","5.2%","52,294","5.2%","51,014","5.1%","586,149","4.6%","273,229","4.4%","312,920","4.9%","326,891","4.7%","155,582","4.5%","171,309","4.9%","166,859","5.1%","80,982","5.0%","85,877","5.3%","144,613","4.9%","68,613","4.6%","76,000","5.1%","220,019","4.8%","101,534","4.5%","118,485","5.1%","227,173","4.9%","105,732","4.7%","121,441","5.2%","92,287","6.6%","43,584","6.3%","48,703","6.8%","285,727","4.6%","132,856","4.4%","152,871","4.7%","340,833","4.8%","158,360","4.5%","182,473","5.0%","542,613","5.4%","255,233","5.1%","287,380","5.6%","285,549","4.9%","139,668","4.8%","145,881","5.0%","144,619","4.9%","67,204","4.7%","77,415","5.1%","316,968","5.1%","144,496","4.7%","172,472","5.4%","70,819","6.2%","34,021","5.9%","36,798","6.6%","97,031","4.8%","44,994","4.5%","52,037","5.2%","160,880","4.9%","76,108","4.6%","84,772","5.2%","75,217","5.3%","37,857","5.4%","37,360","5.3%","434,423","4.6%","202,059","4.3%","232,364","4.8%","122,883","5.8%","58,532","5.5%","64,351","6.0%","955,918","4.8%","436,505","4.5%","519,413","5.1%","532,540","4.8%","244,778","4.5%","287,762","5.1%","36,185","4.5%","17,753","4.3%","18,432","4.8%","608,572","5.1%","281,057","4.8%","327,515","5.4%","178,472","4.4%","83,029","4.1%","95,443","4.6%","244,691","5.7%","115,211","5.4%","129,480","6.0%","713,894","5.5%","331,453","5.1%","382,441","5.8%","59,284","5.3%","27,805","5.1%","31,479","5.6%","298,167","5.4%","131,911","4.9%","166,256","5.9%","50,574","5.5%","25,108","5.3%","25,466","5.7%","347,224","4.8%","157,825","4.5%","189,399","5.1%","1,169,299","3.7%","540,236","3.5%","629,063","4.0%","116,269","3.3%","55,800","3.1%","60,469","3.5%","41,985","6.5%","20,030","6.3%","21,955","6.7%","408,091","4.6%","188,131","4.3%","219,960","4.9%","378,115","4.8%","178,940","4.5%","199,175","5.0%","102,972","5.8%","49,001","5.6%","53,971","6.1%","319,277","5.4%","154,157","5.2%","165,120","5.5%","35,370","6.0%","18,220","6.0%","17,150","6.0%","180,608","5.6%","78,631","5.2%","101,977","6.0%"
"        75 to 79 years","187,477","3.6%","78,623","3.2%","108,854","4.1%","20,507","2.8%","10,296","2.6%","10,211","2.9%","326,064","4.3%","152,268","4.0%","173,796","4.6%","113,009","3.7%","49,474","3.3%","63,535","4.0%","1,263,798","3.2%","570,969","2.9%","692,829","3.5%","189,677","3.2%","86,461","2.9%","103,216","3.5%","133,586","3.6%","59,211","3.3%","74,375","4.0%","43,429","4.1%","20,324","4.0%","23,105","4.2%","17,251","2.5%","6,773","2.0%","10,478","2.8%","1,087,890","4.7%","505,618","4.4%","582,272","4.9%","346,482","3.1%","152,236","2.8%","194,246","3.4%","67,670","4.7%","32,755","4.5%","34,915","4.8%","65,605","3.3%","30,167","3.0%","35,438","3.6%","432,074","3.4%","188,427","3.0%","243,647","3.8%","233,949","3.4%","102,647","3.0%","131,302","3.8%","110,660","3.4%","51,542","3.2%","59,118","3.7%","102,958","3.5%","48,779","3.3%","54,179","3.7%","163,709","3.6%","77,070","3.4%","86,639","3.7%","158,976","3.5%","70,544","3.1%","88,432","3.8%","65,064","4.6%","30,152","4.4%","34,912","4.9%","213,371","3.4%","91,521","3.0%","121,850","3.8%","255,643","3.6%","114,976","3.3%","140,667","3.8%","368,408","3.6%","171,986","3.4%","196,422","3.8%","194,459","3.4%","90,060","3.1%","104,399","3.6%","104,544","3.6%","46,752","3.3%","57,792","3.8%","225,420","3.6%","102,174","3.3%","123,246","3.9%","46,973","4.1%","23,710","4.1%","23,263","4.1%","65,854","3.3%","29,352","2.9%","36,502","3.7%","119,420","3.7%","57,166","3.5%","62,254","3.8%","58,003","4.1%","27,042","3.9%","30,961","4.4%","332,722","3.5%","145,821","3.1%","186,901","3.9%","86,243","4.0%","38,463","3.6%","47,780","4.5%","722,453","3.6%","312,291","3.2%","410,162","4.0%","394,209","3.6%","177,507","3.3%","216,702","3.8%","24,638","3.1%","12,200","3.0%","12,438","3.2%","432,423","3.6%","194,694","3.3%","237,729","4.0%","130,676","3.2%","58,825","2.9%","71,851","3.5%","164,991","3.9%","74,438","3.5%","90,553","4.2%","507,142","3.9%","228,084","3.5%","279,058","4.2%","39,567","3.6%","17,440","3.2%","22,127","3.9%","221,192","4.0%","102,210","3.8%","118,982","4.2%","29,571","3.2%","14,931","3.1%","14,640","3.3%","251,905","3.5%","115,323","3.3%","136,582","3.7%","832,041","2.7%","370,127","2.4%","461,914","2.9%","83,481","2.4%","39,626","2.2%","43,855","2.5%","27,940","4.3%","12,804","4.0%","15,136","4.6%","308,371","3.5%","136,820","3.1%","171,551","3.9%","272,780","3.4%","123,058","3.1%","149,722","3.8%","80,772","4.6%","37,253","4.2%","43,519","4.9%","215,292","3.6%","101,558","3.4%","113,734","3.8%","22,202","3.8%","10,924","3.6%","11,278","3.9%","178,813","5.6%","76,490","5.0%","102,323","6.1%"
"        80 to 84 years","113,066","2.2%","50,666","2.0%","62,400","2.3%","9,975","1.3%","5,012","1.3%","4,963","1.4%","199,277","2.6%","92,759","2.5%","106,518","2.8%","68,004","2.2%","30,338","2.0%","37,666","2.4%","784,181","2.0%","331,708","1.7%","452,473","2.3%","107,466","1.8%","48,395","1.6%","59,071","2.0%","86,856","2.4%","37,390","2.1%","49,466","2.6%","25,834","2.5%","11,554","2.3%","14,280","2.6%","13,210","1.9%","5,067","1.5%","8,143","2.2%","686,299","2.9%","310,824","2.7%","375,475","3.2%","211,246","1.9%","89,465","1.6%","121,781","2.1%","37,541","2.6%","16,018","2.2%","21,523","3.0%","44,336","2.2%","20,412","2.0%","23,924","2.4%","269,649","2.1%","115,891","1.8%","153,758","2.4%","138,604","2.0%","59,460","1.7%","79,144","2.3%","72,406","2.2%","29,701","1.8%","42,705","2.6%","59,100","2.0%","25,277","1.7%","33,823","2.3%","92,498","2.0%","37,681","1.7%","54,817","2.4%","89,904","2.0%","39,265","1.8%","50,639","2.2%","39,071","2.8%","17,269","2.5%","21,802","3.1%","134,331","2.1%","56,638","1.9%","77,693","2.4%","166,535","2.3%","67,411","1.9%","99,124","2.7%","233,533","2.3%","98,018","2.0%","135,515","2.6%","124,765","2.2%","53,708","1.9%","71,057","2.5%","61,071","2.1%","23,842","1.7%","37,229","2.4%","140,129","2.2%","58,623","1.9%","81,506","2.6%","27,149","2.4%","12,106","2.1%","15,043","2.7%","41,021","2.0%","17,833","1.8%","23,188","2.3%","67,128","2.1%","30,313","1.8%","36,815","2.3%","35,621","2.5%","15,129","2.2%","20,492","2.9%","207,649","2.2%","86,331","1.8%","121,318","2.5%","54,646","2.6%","26,334","2.5%","28,312","2.7%","463,445","2.3%","191,303","2.0%","272,142","2.7%","241,415","2.2%","99,396","1.8%","142,019","2.5%","17,636","2.2%","7,664","1.9%","9,972","2.6%","265,023","2.2%","110,771","1.9%","154,252","2.6%","84,453","2.1%","36,151","1.8%","48,302","2.4%","105,397","2.5%","47,605","2.2%","57,792","2.7%","318,715","2.4%","140,270","2.2%","178,445","2.7%","28,175","2.5%","11,058","2.0%","17,117","3.0%","123,760","2.3%","54,681","2.0%","69,079","2.5%","19,486","2.1%","7,759","1.6%","11,727","2.6%","141,563","2.0%","61,380","1.7%","80,183","2.2%","501,872","1.6%","215,048","1.4%","286,824","1.8%","47,538","1.4%","21,713","1.2%","25,825","1.5%","18,146","2.8%","8,559","2.7%","9,587","2.9%","185,641","2.1%","79,840","1.8%","105,801","2.4%","156,421","2.0%","69,009","1.7%","87,412","2.2%","45,103","2.5%","20,042","2.3%","25,061","2.8%","135,184","2.3%","58,225","2.0%","76,959","2.6%","13,424","2.3%","5,952","2.0%","7,472","2.6%","113,321","3.5%","48,374","3.2%","64,947","3.9%"
"        85 years and over","92,651","1.8%","33,578","1.3%","59,073","2.2%","8,350","1.1%","3,557","0.9%","4,793","1.4%","139,519","1.8%","58,688","1.6%","80,831","2.1%","54,171","1.8%","20,722","1.4%","33,449","2.1%","724,840","1.8%","280,068","1.4%","444,772","2.3%","92,513","1.6%","36,668","1.2%","55,845","1.9%","86,126","2.3%","30,351","1.7%","55,775","3.0%","22,589","2.1%","8,185","1.6%","14,404","2.6%","9,363","1.3%","3,868","1.2%","5,495","1.5%","569,412","2.4%","225,005","2.0%","344,407","2.9%","153,988","1.4%","54,218","1.0%","99,770","1.7%","38,707","2.7%","13,926","1.9%","24,781","3.4%","32,764","1.6%","14,930","1.5%","17,834","1.8%","249,325","2.0%","89,158","1.4%","160,167","2.5%","123,763","1.8%","43,189","1.3%","80,574","2.3%","74,573","2.3%","27,351","1.7%","47,222","2.9%","58,236","2.0%","20,160","1.4%","38,076","2.6%","76,127","1.7%","26,376","1.2%","49,751","2.2%","74,139","1.6%","27,083","1.2%","47,056","2.0%","31,920","2.3%","12,827","1.9%","19,093","2.7%","114,596","1.8%","40,584","1.3%","74,012","2.3%","143,465","2.0%","51,355","1.5%","92,110","2.5%","204,676","2.0%","75,344","1.5%","129,332","2.5%","118,656","2.0%","45,202","1.6%","73,454","2.5%","48,256","1.6%","18,213","1.3%","30,043","2.0%","118,404","1.9%","42,819","1.4%","75,585","2.4%","22,046","1.9%","8,872","1.5%","13,174","2.3%","37,479","1.9%","15,213","1.5%","22,266","2.2%","50,592","1.5%","21,728","1.3%","28,864","1.8%","28,594","2.0%","11,058","1.6%","17,536","2.5%","186,189","2.0%","66,929","1.4%","119,260","2.5%","40,958","1.9%","15,694","1.5%","25,264","2.4%","441,566","2.2%","162,492","1.7%","279,074","2.7%","181,248","1.6%","66,380","1.2%","114,868","2.0%","17,871","2.2%","5,927","1.5%","11,944","3.1%","237,551","2.0%","85,563","1.5%","151,988","2.5%","69,181","1.7%","25,322","1.2%","43,859","2.1%","85,404","2.0%","34,031","1.6%","51,373","2.4%","300,699","2.3%","100,562","1.6%","200,137","3.0%","24,867","2.2%","9,601","1.8%","15,266","2.7%","95,936","1.8%","33,920","1.3%","62,016","2.2%","19,780","2.1%","7,544","1.6%","12,236","2.7%","124,958","1.7%","43,014","1.2%","81,944","2.2%","400,702","1.3%","149,805","1.0%","250,897","1.6%","42,337","1.2%","18,259","1.0%","24,078","1.4%","14,929","2.3%","5,638","1.8%","9,291","2.8%","154,559","1.8%","57,418","1.3%","97,141","2.2%","137,041","1.7%","56,078","1.4%","80,963","2.1%","36,292","2.1%","13,407","1.5%","22,885","2.6%","121,443","2.0%","46,497","1.6%","74,946","2.5%","9,802","1.7%","4,180","1.4%","5,622","2.0%","109,911","3.4%","41,290","2.7%","68,621","4.1%"
"    SELECTED AGE CATEGORIES","","","","","","","","","","","","","","","","","","","","","","","","","","","","","","","","","","","","","","","","","","","","","","","","","","","","","","","","","","","","","","","","","","","","","","","","","","","","","","","","","","","","","","","","","","","","","","","","","","","","","","","","","","","","","","","","","","","","","","","","","","","","","","","","","","","","","","","","","","","","","","","","","","","","","","","","","","","","","","","","","","","","","","","","","","","","","","","","","","","","","","","","","","","","","","","","","","","","","","","","","","","","","","","","","","","","","","","","","","","","","","","","","","","","","","","","","","","","","","","","","","","","","","","","","","","","","","","","","","","","","","","","","","","","","","","","","","","","","","","","","","","","","","","","","","","","","","","","","","","","","","","","","","","","","","","",""
"        5 to 14 years","641,810","12.4%","326,097","13.1%","315,713","11.8%","99,626","13.5%","50,460","12.9%","49,166","14.1%","892,341","11.8%","454,759","12.0%","437,582","11.5%","394,729","12.8%","201,994","13.3%","192,735","12.3%","4,758,209","12.1%","2,438,122","12.4%","2,320,087","11.7%","676,216","11.4%","347,330","11.5%","328,886","11.2%","407,595","11.1%","209,756","11.6%","197,839","10.6%","120,434","11.4%","61,008","12.0%","59,426","10.9%","72,174","10.3%","36,557","11.0%","35,617","9.6%","2,528,228","10.8%","1,295,198","11.3%","1,233,030","10.4%","1,441,857","12.9%","738,509","13.6%","703,348","12.3%","168,615","11.7%","86,899","12.0%","81,716","11.3%","267,546","13.4%","137,377","13.6%","130,169","13.1%","1,529,128","12.0%","785,314","12.5%","743,814","11.6%","886,171","12.8%","454,761","13.3%","431,410","12.4%","409,655","12.6%","208,255","12.8%","201,400","12.4%","388,688","13.1%","199,515","13.4%","189,173","12.8%","570,164","12.4%","294,880","13.0%","275,284","11.9%","602,924","13.1%","305,727","13.6%","297,197","12.6%","140,399","10.0%","72,027","10.4%","68,372","9.6%","769,545","12.3%","390,418","12.9%","379,127","11.8%","756,944","10.6%","384,957","11.1%","371,987","10.2%","1,187,958","11.7%","606,473","12.1%","581,485","11.3%","736,811","12.7%","378,134","13.0%","358,677","12.4%","375,574","12.8%","192,836","13.6%","182,738","12.0%","772,647","12.4%","398,426","12.9%","374,221","11.8%","132,604","11.7%","67,546","11.7%","65,058","11.6%","270,330","13.5%","138,753","13.7%","131,577","13.2%","391,689","12.0%","201,291","12.2%","190,398","11.8%","139,408","9.9%","71,414","10.2%","67,994","9.6%","1,148,469","12.1%","588,947","12.6%","559,522","11.6%","253,173","11.9%","130,280","12.2%","122,893","11.5%","2,231,486","11.2%","1,143,304","11.8%","1,088,182","10.7%","1,314,003","11.9%","673,332","12.5%","640,671","11.3%","105,117","13.2%","52,562","12.9%","52,555","13.6%","1,446,090","12.2%","742,503","12.7%","703,587","11.7%","546,292","13.3%","282,158","13.8%","264,134","12.9%","472,036","11.0%","245,473","11.5%","226,563","10.6%","1,480,754","11.3%","757,240","11.7%","723,514","10.9%","113,364","10.2%","58,226","10.6%","55,138","9.8%","641,814","11.7%","329,220","12.3%","312,594","11.1%","123,774","13.4%","65,188","13.7%","58,586","13.0%","877,321","12.1%","452,738","12.8%","424,583","11.5%","4,318,803","13.8%","2,213,206","14.2%","2,105,597","13.4%","524,487","15.0%","271,935","15.3%","252,552","14.6%","63,506","9.8%","32,433","10.1%","31,073","9.5%","1,061,078","12.0%","549,780","12.6%","511,298","11.5%","939,237","11.8%","480,518","12.0%","458,719","11.6%","193,081","10.9%","100,192","11.4%","92,889","10.5%","697,616","11.7%","359,618","12.1%","337,998","11.4%","71,585","12.2%","36,636","12.2%","34,949","12.2%","283,448","8.8%","146,118","9.6%","137,330","8.1%"
"        15 to 17 years","204,635","4.0%","103,995","4.2%","100,640","3.8%","29,650","4.0%","15,902","4.1%","13,748","3.9%","299,447","3.9%","153,345","4.1%","146,102","3.8%","126,813","4.1%","64,562","4.3%","62,251","4.0%","1,569,975","4.0%","806,056","4.1%","763,919","3.9%","224,167","3.8%","117,606","3.9%","106,561","3.6%","139,729","3.8%","70,697","3.9%","69,032","3.7%","38,524","3.7%","18,913","3.7%","19,611","3.6%","18,346","2.6%","9,048","2.7%","9,298","2.5%","817,082","3.5%","418,518","3.6%","398,564","3.4%","476,731","4.3%","245,552","4.5%","231,179","4.0%","48,888","3.4%","24,961","3.4%","23,927","3.3%","89,106","4.5%","45,682","4.5%","43,424","4.4%","508,415","4.0%","259,328","4.1%","249,087","3.9%","289,023","4.2%","151,581","4.4%","137,442","3.9%","131,639","4.1%","67,930","4.2%","63,709","3.9%","126,922","4.3%","63,685","4.3%","63,237","4.3%","188,522","4.1%","95,881","4.2%","92,641","4.0%","188,115","4.1%","97,752","4.4%","90,363","3.8%","45,771","3.3%","23,956","3.5%","21,815","3.1%","247,825","4.0%","128,909","4.2%","118,916","3.7%","250,825","3.5%","127,226","3.7%","123,599","3.4%","390,909","3.9%","200,490","4.0%","190,419","3.7%","235,418","4.1%","120,379","4.2%","115,039","4.0%","132,731","4.5%","68,383","4.8%","64,348","4.2%","251,149","4.0%","126,731","4.1%","124,418","3.9%","43,456","3.8%","22,445","3.9%","21,011","3.7%","87,797","4.4%","45,735","4.5%","42,062","4.2%","126,279","3.9%","65,392","4.0%","60,887","3.8%","47,051","3.3%","24,187","3.4%","22,864","3.2%","369,355","3.9%","188,137","4.0%","181,218","3.8%","87,308","4.1%","44,761","4.2%","42,547","4.0%","701,982","3.5%","361,339","3.7%","340,643","3.4%","430,616","3.9%","218,582","4.1%","212,034","3.8%","29,310","3.7%","15,388","3.8%","13,922","3.6%","470,234","4.0%","240,169","4.1%","230,065","3.8%","175,810","4.3%","91,847","4.5%","83,963","4.1%","156,022","3.7%","82,534","3.9%","73,488","3.4%","483,722","3.7%","246,841","3.8%","236,881","3.6%","38,747","3.5%","21,095","3.9%","17,652","3.1%","214,691","3.9%","112,378","4.2%","102,313","3.6%","40,177","4.3%","19,612","4.1%","20,565","4.6%","288,873","4.0%","149,058","4.2%","139,815","3.8%","1,386,938","4.4%","707,123","4.5%","679,815","4.3%","179,250","5.1%","93,309","5.2%","85,941","5.0%","21,702","3.3%","10,411","3.3%","11,291","3.4%","341,438","3.9%","173,870","4.0%","167,568","3.8%","294,297","3.7%","153,077","3.8%","141,220","3.6%","68,075","3.8%","35,519","4.0%","32,556","3.7%","232,616","3.9%","119,714","4.0%","112,902","3.8%","25,057","4.3%","14,899","4.9%","10,158","3.5%","106,998","3.3%","55,370","3.7%","51,628","3.1%"
"        Under 18 years","1,132,203","22.0%","571,973","23.0%","560,230","21.0%","174,198","23.5%","89,799","23.0%","84,399","24.1%","1,585,751","20.9%","808,879","21.4%","776,872","20.4%","698,141","22.6%","356,320","23.5%","341,821","21.8%","8,411,338","21.3%","4,305,886","21.9%","4,105,452","20.8%","1,206,847","20.3%","621,554","20.6%","585,293","19.9%","727,220","19.8%","373,907","20.7%","353,313","18.9%","213,746","20.3%","106,628","21.0%","107,118","19.6%","130,018","18.5%","65,100","19.6%","64,918","17.5%","4,491,936","19.2%","2,297,254","20.0%","2,194,682","18.5%","2,531,131","22.6%","1,293,352","23.8%","1,237,779","21.6%","293,560","20.3%","151,477","20.9%","142,083","19.7%","467,247","23.3%","240,459","23.9%","226,788","22.8%","2,692,660","21.2%","1,377,840","21.9%","1,314,820","20.4%","1,578,728","22.8%","811,484","23.6%","767,244","22.0%","727,370","22.4%","372,209","22.9%","355,161","21.9%","686,628","23.1%","348,363","23.4%","338,265","22.8%","1,020,211","22.2%","522,823","23.0%","497,388","21.5%","1,062,537","23.1%","540,803","24.1%","521,734","22.2%","244,679","17.4%","126,263","18.2%","118,416","16.6%","1,368,343","21.8%","696,374","22.9%","671,969","20.8%","1,354,765","19.0%","689,262","19.8%","665,503","18.2%","2,103,755","20.7%","1,074,748","21.4%","1,029,007","20.1%","1,290,824","22.3%","660,378","22.8%","630,446","21.8%","671,997","22.8%","343,262","24.2%","328,735","21.6%","1,366,801","21.9%","702,689","22.8%","664,112","21.0%","230,015","20.2%","117,019","20.3%","112,996","20.1%","479,649","23.9%","247,554","24.5%","232,095","23.3%","687,705","21.0%","354,060","21.5%","333,645","20.6%","248,169","17.6%","126,670","18.0%","121,499","17.2%","2,043,575","21.5%","1,046,761","22.4%","996,814","20.7%","443,837","20.8%","230,814","21.7%","213,023","20.0%","3,972,535","20.0%","2,033,323","21.0%","1,939,212","19.1%","2,349,516","21.3%","1,201,970","22.3%","1,147,546","20.3%","178,027","22.3%","90,024","22.0%","88,003","22.7%","2,568,566","21.6%","1,319,649","22.5%","1,248,917","20.8%","963,347","23.5%","495,712","24.3%","467,635","22.8%","825,249","19.3%","427,509","20.1%","397,740","18.5%","2,624,989","20.1%","1,343,303","20.8%","1,281,686","19.3%","203,536","18.3%","105,355","19.2%","98,181","17.4%","1,149,839","21.0%","595,475","22.3%","554,364","19.7%","217,535","23.5%","113,807","24.0%","103,728","23.1%","1,576,399","21.8%","809,214","22.8%","767,185","20.8%","7,657,490","24.5%","3,912,056","25.1%","3,745,434","23.9%","932,753","26.6%","481,197","27.1%","451,556","26.2%","112,028","17.3%","56,311","17.6%","55,717","17.0%","1,874,030","21.3%","969,070","22.2%","904,960","20.3%","1,652,049","20.8%","851,381","21.2%","800,668","20.3%","347,578","19.6%","178,064","20.2%","169,514","19.1%","1,233,276","20.7%","633,443","21.2%","599,833","20.1%","124,986","21.3%","66,801","22.2%","58,185","20.3%","480,726","15.0%","249,693","16.5%","231,033","13.7%"
"        18 to 24 years","485,435","9.4%","240,460","9.7%","244,975","9.2%","68,011","9.2%","39,539","10.1%","28,472","8.1%","726,880","9.6%","377,244","10.0%","349,636","9.2%","291,543","9.4%","146,665","9.7%","144,878","9.2%","3,644,130","9.2%","1,865,650","9.5%","1,778,480","9.0%","545,685","9.2%","284,705","9.4%","260,980","8.9%","341,838","9.3%","173,978","9.6%","167,860","9.0%","91,460","8.7%","45,769","9.0%","45,691","8.4%","70,860","10.1%","31,272","9.4%","39,588","10.7%","1,906,324","8.2%","973,133","8.5%","933,191","7.9%","1,060,982","9.5%","541,348","9.9%","519,634","9.1%","115,613","8.0%","63,107","8.7%","52,506","7.3%","198,965","9.9%","99,644","9.9%","99,321","10.0%","1,168,050","9.2%","599,090","9.5%","568,960","8.8%","659,956","9.5%","338,705","9.9%","321,251","9.2%","321,744","9.9%","167,326","10.3%","154,418","9.5%","297,448","10.0%","155,802","10.5%","141,646","9.5%","421,989","9.2%","217,163","9.5%","204,826","8.9%","418,749","9.1%","212,943","9.5%","205,806","8.7%","110,476","7.9%","58,121","8.4%","52,355","7.3%","530,791","8.5%","268,904","8.9%","261,887","8.1%","707,064","9.9%","348,569","10.0%","358,495","9.8%","934,316","9.2%","477,474","9.5%","456,842","8.9%","519,877","9.0%","264,763","9.1%","255,114","8.8%","287,446","9.8%","148,940","10.5%","138,506","9.1%","575,388","9.2%","294,792","9.6%","280,596","8.9%","103,469","9.1%","55,395","9.6%","48,074","8.6%","199,010","9.9%","102,893","10.2%","96,117","9.7%","262,085","8.0%","135,041","8.2%","127,044","7.8%","122,828","8.7%","62,503","8.9%","60,325","8.5%","800,206","8.4%","410,877","8.8%","389,329","8.1%","200,903","9.4%","103,974","9.8%","96,929","9.1%","1,776,645","8.9%","888,580","9.2%","888,065","8.7%","1,049,988","9.5%","535,984","9.9%","514,004","9.1%","87,325","11.0%","48,056","11.8%","39,269","10.1%","1,061,428","8.9%","539,338","9.2%","522,090","8.7%","404,802","9.9%","210,065","10.3%","194,737","9.5%","362,169","8.5%","185,676","8.7%","176,493","8.2%","1,188,407","9.1%","602,680","9.3%","585,727","8.8%","111,702","10.0%","55,559","10.2%","56,143","9.9%","503,116","9.2%","259,490","9.7%","243,626","8.7%","83,838","9.1%","44,917","9.5%","38,921","8.7%","654,793","9.1%","336,556","9.5%","318,237","8.6%","3,056,382","9.8%","1,575,059","10.1%","1,481,323","9.4%","417,656","11.9%","214,079","12.0%","203,577","11.8%","62,118","9.6%","31,301","9.8%","30,817","9.4%","824,337","9.4%","427,035","9.8%","397,302","8.9%","674,671","8.5%","352,188","8.8%","322,483","8.2%","153,712","8.7%","79,847","9.1%","73,865","8.3%","555,061","9.3%","283,752","9.5%","271,309","9.1%","53,288","9.1%","29,491","9.8%","23,797","8.3%","294,504","9.2%","147,489","9.7%","147,015","8.7%"
"        15 to 44 years","2,003,802","38.9%","988,147","39.7%","1,015,655","38.1%","319,170","43.1%","173,016","44.3%","146,154","41.8%","3,055,117","40.3%","1,576,144","41.7%","1,478,973","38.9%","1,214,998","39.3%","612,706","40.4%","602,292","38.3%","16,524,821","41.9%","8,459,597","43.0%","8,065,224","40.8%","2,605,955","43.7%","1,358,358","45.0%","1,247,597","42.4%","1,429,323","38.9%","721,481","40.0%","707,842","37.8%","389,374","37.0%","192,460","38.0%","196,914","36.1%","361,016","51.4%","169,101","50.9%","191,915","51.8%","8,712,911","37.3%","4,414,731","38.4%","4,298,180","36.2%","4,593,898","41.1%","2,282,924","42.0%","2,310,974","40.3%","547,371","37.9%","283,040","39.1%","264,331","36.6%","814,742","40.7%","416,228","41.3%","398,514","40.1%","5,118,532","40.3%","2,587,244","41.2%","2,531,288","39.4%","2,767,776","40.0%","1,404,336","40.9%","1,363,440","39.0%","1,275,948","39.4%","657,186","40.5%","618,762","38.2%","1,203,956","40.5%","619,543","41.7%","584,413","39.4%","1,802,171","39.3%","917,835","40.4%","884,336","38.2%","1,816,483","39.5%","907,197","40.5%","909,286","38.6%","505,298","36.0%","255,342","36.9%","249,956","35.1%","2,462,701","39.3%","1,226,162","40.4%","1,236,539","38.3%","2,913,807","40.8%","1,453,773","41.8%","1,460,034","39.9%","3,925,060","38.7%","1,994,476","39.8%","1,930,584","37.7%","2,301,344","39.7%","1,171,497","40.4%","1,129,847","39.0%","1,153,009","39.2%","566,565","39.9%","586,444","38.5%","2,461,948","39.4%","1,240,589","40.3%","1,221,359","38.6%","440,672","38.7%","231,049","40.2%","209,623","37.3%","813,500","40.6%","417,884","41.4%","395,616","39.7%","1,322,916","40.5%","679,636","41.3%","643,280","39.7%","526,746","37.4%","270,266","38.5%","256,480","36.3%","3,683,975","38.8%","1,861,652","39.8%","1,822,323","37.8%","850,562","39.9%","441,211","41.4%","409,351","38.4%","7,898,518","39.8%","3,950,858","40.7%","3,947,660","38.8%","4,417,536","40.0%","2,208,406","40.9%","2,209,130","39.1%","341,907","42.9%","181,373","44.4%","160,534","41.4%","4,621,727","38.9%","2,336,731","39.8%","2,284,996","38.0%","1,677,615","41.0%","856,617","42.0%","820,998","39.9%","1,720,649","40.3%","879,871","41.3%","840,778","39.2%","5,043,020","38.6%","2,555,128","39.6%","2,487,892","37.5%","450,276","40.5%","230,235","42.1%","220,041","38.9%","2,109,353","38.5%","1,057,007","39.6%","1,052,346","37.5%","360,888","39.0%","189,709","39.9%","171,179","38.1%","2,881,486","39.9%","1,442,573","40.7%","1,438,913","39.1%","13,449,518","43.0%","6,855,249","43.9%","6,594,269","42.0%","1,598,467","45.6%","821,690","46.2%","776,777","45.0%","241,161","37.2%","120,779","37.7%","120,382","36.7%","3,557,407","40.4%","1,799,663","41.3%","1,757,744","39.5%","3,358,248","42.2%","1,739,643","43.4%","1,618,605","41.0%","650,867","36.8%","336,591","38.2%","314,276","35.4%","2,306,547","38.7%","1,176,982","39.4%","1,129,565","37.9%","233,317","39.7%","123,086","40.8%","110,231","38.5%","1,208,765","37.7%","599,833","39.5%","608,932","36.1%"
"        16 years and over","4,160,138","80.7%","1,986,097","79.7%","2,174,041","81.5%","586,083","79.2%","311,354","79.8%","274,729","78.5%","6,193,806","81.7%","3,073,614","81.3%","3,120,192","82.1%","2,477,205","80.2%","1,205,225","79.4%","1,271,980","81.0%","32,089,744","81.4%","15,918,140","80.9%","16,171,604","81.9%","4,901,957","82.3%","2,474,389","82.0%","2,427,568","82.5%","3,042,260","82.8%","1,479,420","82.0%","1,562,840","83.6%","863,403","82.1%","413,075","81.5%","450,328","82.6%","584,506","83.2%","273,263","82.3%","311,243","84.1%","19,432,374","83.1%","9,482,042","82.5%","9,950,332","83.7%","8,972,406","80.2%","4,315,456","79.3%","4,656,950","81.1%","1,184,486","81.9%","588,644","81.3%","595,842","82.5%","1,593,794","79.6%","797,579","79.2%","796,215","80.1%","10,362,614","81.5%","5,076,402","80.8%","5,286,212","82.2%","5,542,042","80.0%","2,723,453","79.4%","2,818,589","80.7%","2,601,819","80.3%","1,297,562","80.0%","1,304,257","80.6%","2,365,753","79.6%","1,179,155","79.3%","1,186,598","80.0%","3,691,655","80.5%","1,815,087","79.8%","1,876,568","81.1%","3,657,192","79.5%","1,760,740","78.5%","1,896,452","80.5%","1,190,522","84.7%","582,341","84.1%","608,181","85.4%","5,059,385","80.8%","2,427,945","79.9%","2,631,440","81.6%","5,953,821","83.4%","2,878,154","82.7%","3,075,667","84.1%","8,302,384","81.9%","4,077,266","81.3%","4,225,118","82.4%","4,663,287","80.5%","2,319,597","80.0%","2,343,690","80.9%","2,361,219","80.2%","1,124,589","79.1%","1,236,630","81.3%","5,049,196","80.8%","2,463,577","80.0%","2,585,619","81.7%","936,938","82.4%","473,545","82.3%","463,393","82.5%","1,585,014","79.0%","793,260","78.6%","791,754","79.5%","2,662,492","81.5%","1,336,848","81.2%","1,325,644","81.8%","1,194,290","84.8%","592,985","84.4%","601,305","85.1%","7,710,486","81.2%","3,756,103","80.3%","3,954,383","82.0%","1,743,934","81.9%","864,096","81.1%","879,838","82.6%","16,370,499","82.4%","7,915,828","81.6%","8,454,671","83.2%","8,982,223","81.3%","4,339,200","80.4%","4,643,023","82.2%","637,108","80.0%","328,484","80.4%","308,624","79.6%","9,634,674","81.1%","4,711,286","80.3%","4,923,388","81.8%","3,248,967","79.3%","1,606,094","78.7%","1,642,873","79.9%","3,553,832","83.2%","1,759,333","82.7%","1,794,499","83.7%","10,785,532","82.5%","5,274,214","81.8%","5,511,318","83.1%","935,797","84.1%","457,842","83.6%","477,955","84.6%","4,477,096","81.7%","2,155,190","80.7%","2,321,906","82.7%","733,633","79.3%","374,361","78.8%","359,272","79.9%","5,850,310","80.9%","2,837,469","80.0%","3,012,841","81.8%","24,569,557","78.5%","12,170,835","78.0%","12,398,722","79.1%","2,688,278","76.7%","1,357,856","76.4%","1,330,422","77.1%","553,496","85.4%","272,184","85.0%","281,312","85.7%","7,173,696","81.4%","3,507,654","80.5%","3,666,042","82.3%","6,505,491","81.7%","3,261,613","81.3%","3,243,878","82.2%","1,469,628","83.0%","728,089","82.6%","741,539","83.5%","4,882,973","81.9%","2,429,923","81.4%","2,453,050","82.4%","480,483","81.8%","244,289","81.1%","236,194","82.5%","2,796,511","87.3%","1,304,412","86.0%","1,492,099","88.5%"
"        18 years and over","4,025,496","78.0%","1,918,578","77.0%","2,106,918","79.0%","565,935","76.5%","300,502","77.0%","265,433","75.9%","5,996,633","79.1%","2,974,004","78.6%","3,022,629","79.6%","2,390,213","77.4%","1,161,206","76.5%","1,229,007","78.2%","31,019,925","78.7%","15,369,217","78.1%","15,650,708","79.2%","4,750,647","79.7%","2,395,165","79.4%","2,355,482","80.1%","2,947,849","80.2%","1,430,989","79.3%","1,516,860","81.1%","838,171","79.7%","400,135","79.0%","438,036","80.4%","572,232","81.5%","266,962","80.4%","305,270","82.5%","18,880,279","80.8%","9,191,344","80.0%","9,688,935","81.5%","8,649,747","77.4%","4,148,234","76.2%","4,501,513","78.4%","1,152,586","79.7%","572,446","79.1%","580,140","80.3%","1,534,372","76.7%","766,774","76.1%","767,598","77.2%","10,017,498","78.8%","4,902,419","78.1%","5,115,079","79.6%","5,345,547","77.2%","2,620,280","76.4%","2,725,267","78.0%","2,514,118","77.6%","1,250,477","77.1%","1,263,641","78.1%","2,283,978","76.9%","1,138,870","76.6%","1,145,108","77.2%","3,568,161","77.8%","1,751,804","77.0%","1,816,357","78.5%","3,535,203","76.9%","1,701,769","75.9%","1,833,434","77.8%","1,160,333","82.6%","566,425","81.8%","593,908","83.4%","4,894,877","78.2%","2,341,768","77.1%","2,553,109","79.2%","5,781,406","81.0%","2,791,877","80.2%","2,989,529","81.8%","8,036,704","79.3%","3,940,794","78.6%","4,095,910","79.9%","4,502,327","77.7%","2,237,492","77.2%","2,264,835","78.2%","2,271,048","77.2%","1,078,038","75.8%","1,193,010","78.4%","4,878,665","78.1%","2,377,369","77.2%","2,501,296","79.0%","907,218","79.8%","458,428","79.7%","448,790","79.9%","1,525,817","76.1%","762,075","75.5%","763,742","76.7%","2,579,762","79.0%","1,293,259","78.5%","1,286,503","79.4%","1,160,863","82.4%","575,521","82.0%","585,342","82.8%","7,457,276","78.5%","3,630,846","77.6%","3,826,430","79.3%","1,686,419","79.2%","834,586","78.3%","851,833","80.0%","15,894,713","80.0%","7,671,287","79.0%","8,223,426","80.9%","8,696,508","78.7%","4,194,047","77.7%","4,502,461","79.7%","618,541","77.7%","318,690","78.0%","299,851","77.3%","9,314,738","78.4%","4,547,740","77.5%","4,766,998","79.2%","3,132,046","76.5%","1,544,470","75.7%","1,587,576","77.2%","3,447,122","80.7%","1,700,698","79.9%","1,746,424","81.5%","10,453,762","79.9%","5,105,639","79.2%","5,348,123","80.7%","908,772","81.7%","442,016","80.8%","466,756","82.6%","4,328,992","79.0%","2,075,589","77.7%","2,253,403","80.3%","707,134","76.5%","361,154","76.0%","345,980","76.9%","5,651,351","78.2%","2,735,696","77.2%","2,915,655","79.2%","23,633,341","75.5%","11,696,456","74.9%","11,936,885","76.1%","2,570,860","73.4%","1,296,924","72.9%","1,273,936","73.8%","536,465","82.7%","263,856","82.4%","272,609","83.0%","6,937,165","78.7%","3,387,571","77.8%","3,549,594","79.7%","6,306,131","79.2%","3,158,588","78.8%","3,147,543","79.7%","1,422,401","80.4%","703,448","79.8%","718,953","80.9%","4,727,699","79.3%","2,350,675","78.8%","2,377,024","79.9%","462,632","78.7%","234,518","77.8%","228,114","79.7%","2,722,569","85.0%","1,267,189","83.5%","1,455,380","86.3%"
"        21 years and over","3,796,788","73.6%","1,807,842","72.6%","1,988,946","74.6%","539,862","72.9%","285,253","73.1%","254,609","72.8%","5,682,695","74.9%","2,810,215","74.3%","2,872,480","75.6%","2,261,840","73.2%","1,096,033","72.2%","1,165,807","74.2%","29,426,405","74.6%","14,555,493","74.0%","14,870,912","75.3%","4,520,433","75.9%","2,275,893","75.4%","2,244,540","76.3%","2,797,790","76.1%","1,355,944","75.1%","1,441,846","77.1%","797,979","75.9%","381,180","75.2%","416,799","76.5%","543,551","77.4%","253,928","76.5%","289,623","78.2%","18,066,179","77.3%","8,774,188","76.4%","9,291,991","78.2%","8,190,829","73.3%","3,910,304","71.9%","4,280,525","74.6%","1,107,788","76.6%","548,459","75.8%","559,329","77.4%","1,449,223","72.4%","723,252","71.8%","725,971","73.0%","9,535,841","75.0%","4,652,243","74.1%","4,883,598","76.0%","5,060,242","73.1%","2,476,706","72.2%","2,583,536","74.0%","2,373,698","73.2%","1,176,284","72.5%","1,197,414","74.0%","2,153,234","72.5%","1,070,462","72.0%","1,082,772","73.0%","3,386,869","73.8%","1,656,244","72.8%","1,730,625","74.8%","3,356,093","73.0%","1,610,724","71.8%","1,745,369","74.1%","1,109,354","79.0%","539,107","77.8%","570,247","80.1%","4,669,787","74.6%","2,225,332","73.2%","2,444,455","75.8%","5,457,681","76.5%","2,635,796","75.7%","2,821,885","77.2%","7,641,145","75.4%","3,739,269","74.6%","3,901,876","76.1%","4,273,685","73.8%","2,120,217","73.2%","2,153,468","74.4%","2,145,003","72.9%","1,013,149","71.3%","1,131,854","74.4%","4,641,965","74.3%","2,257,898","73.3%","2,384,067","75.3%","862,412","75.8%","435,498","75.7%","426,914","76.0%","1,440,453","71.8%","716,936","71.0%","723,517","72.7%","2,468,962","75.6%","1,234,866","75.0%","1,234,096","76.2%","1,104,197","78.4%","548,586","78.1%","555,611","78.6%","7,130,147","75.0%","3,466,868","74.1%","3,663,279","76.0%","1,601,813","75.2%","790,519","74.2%","811,294","76.2%","15,146,314","76.2%","7,296,698","75.2%","7,849,616","77.2%","8,244,253","74.6%","3,960,142","73.4%","4,284,111","75.8%","581,552","73.0%","298,258","73.0%","283,294","73.0%","8,849,535","74.5%","4,315,361","73.5%","4,534,174","75.4%","2,955,455","72.2%","1,453,286","71.2%","1,502,169","73.1%","3,292,781","77.1%","1,620,892","76.2%","1,671,889","78.0%","9,911,572","75.8%","4,831,845","74.9%","5,079,727","76.6%","855,494","76.9%","416,484","76.1%","439,010","77.7%","4,102,832","74.9%","1,958,851","73.3%","2,143,981","76.4%","670,697","72.5%","341,544","71.9%","329,153","73.2%","5,381,996","74.5%","2,598,857","73.3%","2,783,139","75.6%","22,328,747","71.4%","11,020,126","70.6%","11,308,621","72.1%","2,400,994","68.5%","1,209,565","68.0%","1,191,429","69.0%","506,140","78.0%","249,352","77.9%","256,788","78.2%","6,577,380","74.6%","3,197,826","73.4%","3,379,554","75.9%","6,027,303","75.7%","3,012,959","75.1%","3,014,344","76.3%","1,357,144","76.7%","668,619","75.8%","688,525","77.5%","4,493,850","75.4%","2,230,857","74.8%","2,262,993","76.0%","439,234","74.7%","222,330","73.8%","216,904","75.8%","2,595,224","81.0%","1,200,423","79.1%","1,394,801","82.7%"
"        60 years and over","1,293,247","25.1%","581,611","23.4%","711,636","26.7%","157,700","21.3%","80,254","20.6%","77,446","22.1%","1,962,139","25.9%","919,814","24.3%","1,042,325","27.4%","762,546","24.7%","348,877","23.0%","413,669","26.3%","8,878,418","22.5%","4,120,586","20.9%","4,757,832","24.1%","1,338,534","22.5%","628,960","20.8%","709,574","24.1%","971,629","26.4%","441,398","24.5%","530,231","28.4%","306,226","29.1%","139,964","27.6%","166,262","30.5%","122,071","17.4%","53,000","16.0%","69,071","18.7%","6,692,372","28.6%","3,087,883","26.9%","3,604,489","30.3%","2,459,000","22.0%","1,107,835","20.4%","1,351,165","23.5%","401,302","27.7%","188,524","26.0%","212,778","29.5%","479,086","23.9%","231,468","23.0%","247,618","24.9%","3,095,053","24.4%","1,419,119","22.6%","1,675,934","26.1%","1,656,266","23.9%","763,833","22.3%","892,433","25.6%","825,559","25.5%","389,923","24.0%","435,636","26.9%","721,391","24.3%","337,423","22.7%","383,968","25.9%","1,124,085","24.5%","516,243","22.7%","607,842","26.3%","1,116,126","24.3%","506,895","22.6%","609,231","25.9%","442,337","31.5%","207,503","30.0%","234,834","33.0%","1,518,384","24.2%","683,960","22.5%","834,424","25.9%","1,816,309","25.5%","827,464","23.8%","988,845","27.1%","2,680,407","26.4%","1,245,166","24.8%","1,435,241","28.0%","1,443,737","24.9%","678,405","23.4%","765,332","26.4%","727,851","24.7%","327,255","23.0%","400,596","26.3%","1,583,390","25.4%","725,834","23.6%","857,556","27.1%","317,281","27.9%","152,499","26.5%","164,782","29.3%","468,607","23.4%","222,084","22.0%","246,523","24.8%","783,123","24.0%","375,308","22.8%","407,815","25.2%","416,729","29.6%","197,175","28.1%","219,554","31.1%","2,324,457","24.5%","1,060,688","22.7%","1,263,769","26.2%","566,724","26.6%","265,449","24.9%","301,275","28.3%","5,099,147","25.7%","2,322,920","23.9%","2,776,227","27.3%","2,693,622","24.4%","1,221,897","22.6%","1,471,725","26.0%","188,436","23.7%","89,935","22.0%","98,501","25.4%","3,079,860","25.9%","1,407,737","24.0%","1,672,123","27.8%","943,377","23.0%","434,124","21.3%","509,253","24.8%","1,109,737","26.0%","514,548","24.2%","595,189","27.8%","3,563,833","27.2%","1,633,663","25.3%","1,930,170","29.1%","296,330","26.6%","134,849","24.6%","161,481","28.6%","1,464,926","26.7%","664,315","24.9%","800,611","28.5%","238,123","25.8%","114,061","24.0%","124,062","27.6%","1,731,579","24.0%","789,388","22.3%","942,191","25.6%","6,082,150","19.4%","2,805,865","18.0%","3,276,285","20.9%","588,014","16.8%","281,803","15.8%","306,211","17.7%","199,044","30.7%","92,898","29.0%","106,146","32.3%","2,121,329","24.1%","972,352","22.3%","1,148,977","25.8%","1,854,161","23.3%","867,493","21.6%","986,668","25.0%","510,800","28.9%","239,028","27.1%","271,772","30.6%","1,600,936","26.9%","758,204","25.4%","842,732","28.3%","156,258","26.6%","76,862","25.5%","79,396","27.7%","1,018,887","31.8%","443,021","29.2%","575,866","34.1%"
"        62 years and over","1,161,521","22.5%","517,351","20.8%","644,170","24.2%","138,571","18.7%","70,709","18.1%","67,862","19.4%","1,775,958","23.4%","830,956","22.0%","945,002","24.9%","684,145","22.2%","313,865","20.7%","370,280","23.6%","7,905,281","20.0%","3,634,227","18.5%","4,271,054","21.6%","1,193,674","20.0%","557,632","18.5%","636,042","21.6%","868,125","23.6%","393,374","21.8%","474,751","25.4%","273,966","26.0%","124,665","24.6%","149,301","27.4%","110,753","15.8%","48,190","14.5%","62,563","16.9%","6,048,516","25.9%","2,773,322","24.1%","3,275,194","27.6%","2,177,452","19.5%","974,254","17.9%","1,203,198","21.0%","364,400","25.2%","168,806","23.3%","195,594","27.1%","429,562","21.5%","206,498","20.5%","223,064","22.4%","2,752,171","21.7%","1,250,310","19.9%","1,501,861","23.4%","1,478,584","21.4%","675,474","19.7%","803,110","23.0%","743,308","22.9%","346,577","21.4%","396,731","24.5%","653,486","22.0%","302,471","20.3%","351,015","23.7%","1,003,687","21.9%","457,937","20.1%","545,750","23.6%","1,001,446","21.8%","452,685","20.2%","548,761","23.3%","399,102","28.4%","184,701","26.7%","214,401","30.1%","1,352,130","21.6%","603,203","19.9%","748,927","23.2%","1,627,685","22.8%","742,489","21.3%","885,196","24.2%","2,405,037","23.7%","1,107,288","22.1%","1,297,749","25.3%","1,289,428","22.3%","601,468","20.8%","687,960","23.8%","648,513","22.0%","289,431","20.4%","359,082","23.6%","1,419,804","22.7%","647,003","21.0%","772,801","24.4%","289,893","25.5%","138,716","24.1%","151,177","26.9%","422,224","21.1%","199,008","19.7%","223,216","22.4%","701,500","21.5%","335,851","20.4%","365,649","22.6%","375,026","26.6%","176,343","25.1%","198,683","28.1%","2,070,493","21.8%","936,156","20.0%","1,134,337","23.5%","513,355","24.1%","239,441","22.5%","273,914","25.7%","4,547,873","22.9%","2,048,693","21.1%","2,499,180","24.6%","2,405,330","21.8%","1,086,298","20.1%","1,319,032","23.3%","169,136","21.2%","80,892","19.8%","88,244","22.8%","2,756,913","23.2%","1,254,472","21.4%","1,502,441","25.0%","843,079","20.6%","383,637","18.8%","459,442","22.4%","1,007,985","23.6%","464,457","21.8%","543,528","25.3%","3,214,259","24.6%","1,468,093","22.8%","1,746,166","26.3%","270,042","24.3%","121,924","22.3%","148,118","26.2%","1,317,696","24.1%","593,281","22.2%","724,415","25.8%","214,663","23.2%","102,463","21.6%","112,200","24.9%","1,545,986","21.4%","695,743","19.6%","850,243","23.1%","5,385,472","17.2%","2,461,133","15.8%","2,924,339","18.6%","526,387","15.0%","251,220","14.1%","275,167","15.9%","182,388","28.1%","85,570","26.7%","96,818","29.5%","1,891,408","21.5%","862,636","19.8%","1,028,772","23.1%","1,666,404","20.9%","777,466","19.4%","888,938","22.5%","463,323","26.2%","214,529","24.3%","248,794","28.0%","1,437,368","24.1%","676,539","22.7%","760,829","25.6%","141,799","24.1%","69,740","23.1%","72,059","25.2%","924,219","28.9%","399,262","26.3%","524,957","31.1%"
"        65 years and over","955,166","18.5%","420,333","16.9%","534,833","20.1%","109,415","14.8%","55,075","14.1%","54,340","15.5%","1,491,158","19.7%","689,111","18.2%","802,047","21.1%","562,707","18.2%","253,348","16.7%","309,359","19.7%","6,524,861","16.5%","2,954,346","15.0%","3,570,515","18.1%","980,364","16.5%","455,288","15.1%","525,076","17.9%","713,337","19.4%","320,174","17.7%","393,163","21.0%","227,824","21.7%","103,174","20.4%","124,650","22.9%","90,674","12.9%","38,020","11.4%","52,654","14.2%","5,094,353","21.8%","2,315,169","20.2%","2,779,184","23.4%","1,765,603","15.8%","776,166","14.3%","989,437","17.2%","311,305","21.5%","143,431","19.8%","167,874","23.2%","355,551","17.8%","169,167","16.8%","186,384","18.7%","2,274,582","17.9%","1,019,577","16.2%","1,255,005","19.5%","1,218,401","17.6%","547,449","16.0%","670,952","19.2%","612,603","18.9%","281,510","17.3%","331,093","20.5%","533,774","18.0%","243,660","16.4%","290,114","19.6%","825,850","18.0%","372,710","16.4%","453,140","19.6%","819,864","17.8%","367,128","16.4%","452,736","19.2%","329,926","23.5%","152,810","22.1%","177,116","24.9%","1,099,752","17.6%","481,095","15.8%","618,657","19.2%","1,335,942","18.7%","596,506","17.1%","739,436","20.2%","1,987,859","19.6%","905,898","18.1%","1,081,961","21.1%","1,056,273","18.2%","488,962","16.9%","567,311","19.6%","531,347","18.1%","233,580","16.4%","297,767","19.6%","1,169,201","18.7%","523,778","17.0%","645,423","20.4%","241,423","21.2%","115,332","20.0%","126,091","22.4%","348,052","17.4%","160,500","15.9%","187,552","18.8%","575,351","17.6%","271,561","16.5%","303,790","18.8%","303,232","21.5%","140,822","20.1%","162,410","23.0%","1,706,665","18.0%","757,730","16.2%","948,935","19.7%","429,233","20.1%","196,807","18.5%","232,426","21.8%","3,757,173","18.9%","1,666,397","17.2%","2,090,776","20.6%","1,980,690","17.9%","880,966","16.3%","1,099,724","19.5%","140,295","17.6%","65,660","16.1%","74,635","19.2%","2,271,397","19.1%","1,021,741","17.4%","1,249,656","20.8%","692,081","16.9%","312,375","15.3%","379,706","18.5%","850,217","19.9%","388,244","18.2%","461,973","21.5%","2,665,974","20.4%","1,199,571","18.6%","1,466,403","22.1%","220,168","19.8%","98,401","18.0%","121,767","21.6%","1,082,724","19.8%","485,075","18.2%","597,649","21.3%","175,902","19.0%","83,739","17.6%","92,163","20.5%","1,273,979","17.6%","569,584","16.1%","704,395","19.1%","4,365,469","14.0%","1,974,509","12.7%","2,390,960","15.2%","434,922","12.4%","206,030","11.6%","228,892","13.3%","148,485","22.9%","68,736","21.5%","79,749","24.3%","1,550,385","17.6%","694,309","15.9%","856,076","19.2%","1,378,508","17.3%","634,544","15.8%","743,964","18.8%","386,851","21.9%","178,005","20.2%","208,846","23.5%","1,171,042","19.6%","547,975","18.4%","623,067","20.9%","117,373","20.0%","57,233","19.0%","60,140","21.0%","789,514","24.6%","339,141","22.4%","450,373","26.7%"
"        75 years and over","393,194","7.6%","162,867","6.5%","230,327","8.6%","38,832","5.2%","18,865","4.8%","19,967","5.7%","664,860","8.8%","303,715","8.0%","361,145","9.5%","235,184","7.6%","100,534","6.6%","134,650","8.6%","2,772,819","7.0%","1,182,745","6.0%","1,590,074","8.0%","389,656","6.5%","171,524","5.7%","218,132","7.4%","306,568","8.3%","126,952","7.0%","179,616","9.6%","91,852","8.7%","40,063","7.9%","51,789","9.5%","39,824","5.7%","15,708","4.7%","24,116","6.5%","2,343,601","10.0%","1,041,447","9.1%","1,302,154","11.0%","711,716","6.4%","295,919","5.4%","415,797","7.2%","143,918","10.0%","62,699","8.7%","81,219","11.2%","142,705","7.1%","65,509","6.5%","77,196","7.8%","951,048","7.5%","393,476","6.3%","557,572","8.7%","496,316","7.2%","205,296","6.0%","291,020","8.3%","257,639","7.9%","108,594","6.7%","149,045","9.2%","220,294","7.4%","94,216","6.3%","126,078","8.5%","332,334","7.2%","141,127","6.2%","191,207","8.3%","323,019","7.0%","136,892","6.1%","186,127","7.9%","136,055","9.7%","60,248","8.7%","75,807","10.6%","462,298","7.4%","188,743","6.2%","273,555","8.5%","565,643","7.9%","233,742","6.7%","331,901","9.1%","806,617","8.0%","345,348","6.9%","461,269","9.0%","437,880","7.6%","188,970","6.5%","248,910","8.6%","213,871","7.3%","88,807","6.2%","125,064","8.2%","483,953","7.7%","203,616","6.6%","280,337","8.9%","96,168","8.5%","44,688","7.8%","51,480","9.2%","144,354","7.2%","62,398","6.2%","81,956","8.2%","237,140","7.3%","109,207","6.6%","127,933","7.9%","122,218","8.7%","53,229","7.6%","68,989","9.8%","726,560","7.6%","299,081","6.4%","427,479","8.9%","181,847","8.5%","80,491","7.6%","101,356","9.5%","1,627,464","8.2%","666,086","6.9%","961,378","9.5%","816,872","7.4%","343,283","6.4%","473,589","8.4%","60,145","7.6%","25,791","6.3%","34,354","8.9%","934,997","7.9%","391,028","6.7%","543,969","9.0%","284,310","6.9%","120,298","5.9%","164,012","8.0%","355,792","8.3%","156,074","7.3%","199,718","9.3%","1,126,556","8.6%","468,916","7.3%","657,640","9.9%","92,609","8.3%","38,099","7.0%","54,510","9.6%","440,888","8.0%","190,811","7.1%","250,077","8.9%","68,837","7.4%","30,234","6.4%","38,603","8.6%","518,426","7.2%","219,717","6.2%","298,709","8.1%","1,734,615","5.5%","734,980","4.7%","999,635","6.4%","173,356","4.9%","79,598","4.5%","93,758","5.4%","61,015","9.4%","27,001","8.4%","34,014","10.4%","648,571","7.4%","274,078","6.3%","374,493","8.4%","566,242","7.1%","248,145","6.2%","318,097","8.1%","162,167","9.2%","70,702","8.0%","91,465","10.3%","471,919","7.9%","206,280","6.9%","265,639","8.9%","45,428","7.7%","21,056","7.0%","24,372","8.5%","402,045","12.6%","166,154","11.0%","235,891","14.0%"
"    SUMMARY INDICATORS","","","","","","","","","","","","","","","","","","","","","","","","","","","","","","","","","","","","","","","","","","","","","","","","","","","","","","","","","","","","","","","","","","","","","","","","","","","","","","","","","","","","","","","","","","","","","","","","","","","","","","","","","","","","","","","","","","","","","","","","","","","","","","","","","","","","","","","","","","","","","","","","","","","","","","","","","","","","","","","","","","","","","","","","","","","","","","","","","","","","","","","","","","","","","","","","","","","","","","","","","","","","","","","","","","","","","","","","","","","","","","","","","","","","","","","","","","","","","","","","","","","","","","","","","","","","","","","","","","","","","","","","","","","","","","","","","","","","","","","","","","","","","","","","","","","","","","","","","","","","","","","","","","","","","","","",""
"        Median age (years)","39.6","(X)","38.4","(X)","40.8","(X)","36.3","(X)","35.9","(X)","36.6","(X)","39.4","(X)","38.2","(X)","40.6","(X)","39.1","(X)","37.8","(X)","40.2","(X)","38.4","(X)","37.5","(X)","39.3","(X)","38.0","(X)","37.3","(X)","38.8","(X)","41.2","(X)","39.9","(X)","42.6","(X)","42.1","(X)","40.6","(X)","43.3","(X)","34.9","(X)","35.0","(X)","34.9","(X)","42.7","(X)","41.4","(X)","44.0","(X)","38.0","(X)","36.7","(X)","39.3","(X)","41.5","(X)","40.1","(X)","42.9","(X)","37.8","(X)","37.1","(X)","38.4","(X)","39.4","(X)","38.4","(X)","40.4","(X)","38.3","(X)","37.1","(X)","39.4","(X)","39.0","(X)","38.1","(X)","39.9","(X)","38.0","(X)","37.1","(X)","39.0","(X)","39.3","(X)","37.9","(X)","40.5","(X)","38.7","(X)","37.9","(X)","39.6","(X)","44.9","(X)","43.8","(X)","46.1","(X)","39.8","(X)","38.5","(X)","40.9","(X)","40.1","(X)","39.1","(X)","41.3","(X)","40.4","(X)","39.2","(X)","41.6","(X)","39.2","(X)","38.5","(X)","39.9","(X)","39.3","(X)","38.0","(X)","40.6","(X)","39.4","(X)","38.2","(X)","40.6","(X)","41.3","(X)","40.3","(X)","42.3","(X)","37.4","(X)","36.5","(X)","38.4","(X)","39.5","(X)","38.9","(X)","40.1","(X)","43.6","(X)","42.6","(X)","44.8","(X)","40.1","(X)","38.9","(X)","41.4","(X)","39.9","(X)","38.4","(X)","41.4","(X)","40.1","(X)","38.9","(X)","41.3","(X)","39.4","(X)","38.1","(X)","40.7","(X)","36.7","(X)","35.9","(X)","37.4","(X)","39.8","(X)","38.6","(X)","41.1","(X)","37.4","(X)","36.2","(X)","38.6","(X)","40.8","(X)","39.7","(X)","41.9","(X)","41.2","(X)","40.2","(X)","42.4","(X)","41.0","(X)","39.7","(X)","42.5","(X)","40.7","(X)","38.9","(X)","42.2","(X)","38.7","(X)","37.7","(X)","39.7","(X)","39.1","(X)","37.8","(X)","40.3","(X)","35.9","(X)","35.1","(X)","36.7","(X)","32.5","(X)","32.0","(X)","33.0","(X)","43.9","(X)","43.1","(X)","44.8","(X)","39.4","(X)","38.3","(X)","40.6","(X)","38.7","(X)","37.8","(X)","39.5","(X)","42.9","(X)","41.6","(X)","44.3","(X)","40.7","(X)","39.8","(X)","41.5","(X)","40.2","(X)","39.5","(X)","41.0","(X)","45.4","(X)","43.4","(X)","47.6","(X)"
"        Sex ratio (males per 100 females)","93.4","(X)","(X)","(X)","(X)","(X)","111.6","(X)","(X)","(X)","(X)","(X)","99.6","(X)","(X)","(X)","(X)","(X)","96.6","(X)","(X)","(X)","(X)","(X)","99.6","(X)","(X)","(X)","(X)","(X)","102.6","(X)","(X)","(X)","(X)","(X)","96.5","(X)","(X)","(X)","(X)","(X)","93.0","(X)","(X)","(X)","(X)","(X)","89.7","(X)","(X)","(X)","(X)","(X)","96.7","(X)","(X)","(X)","(X)","(X)","94.8","(X)","(X)","(X)","(X)","(X)","100.2","(X)","(X)","(X)","(X)","(X)","101.3","(X)","(X)","(X)","(X)","(X)","97.7","(X)","(X)","(X)","(X)","(X)","98.3","(X)","(X)","(X)","(X)","(X)","100.2","(X)","(X)","(X)","(X)","(X)","100.3","(X)","(X)","(X)","(X)","(X)","98.3","(X)","(X)","(X)","(X)","(X)","95.2","(X)","(X)","(X)","(X)","(X)","97.2","(X)","(X)","(X)","(X)","(X)","94.2","(X)","(X)","(X)","(X)","(X)","95.2","(X)","(X)","(X)","(X)","(X)","97.9","(X)","(X)","(X)","(X)","(X)","100.1","(X)","(X)","(X)","(X)","(X)","93.4","(X)","(X)","(X)","(X)","(X)","97.3","(X)","(X)","(X)","(X)","(X)","102.4","(X)","(X)","(X)","(X)","(X)","101.4","(X)","(X)","(X)","(X)","(X)","101.7","(X)","(X)","(X)","(X)","(X)","99.3","(X)","(X)","(X)","(X)","(X)","97.0","(X)","(X)","(X)","(X)","(X)","100.1","(X)","(X)","(X)","(X)","(X)","95.5","(X)","(X)","(X)","(X)","(X)","95.5","(X)","(X)","(X)","(X)","(X)","105.4","(X)","(X)","(X)","(X)","(X)","97.5","(X)","(X)","(X)","(X)","(X)","99.3","(X)","(X)","(X)","(X)","(X)","99.3","(X)","(X)","(X)","(X)","(X)","97.3","(X)","(X)","(X)","(X)","(X)","96.9","(X)","(X)","(X)","(X)","(X)","95.1","(X)","(X)","(X)","(X)","(X)","105.6","(X)","(X)","(X)","(X)","(X)","96.3","(X)","(X)","(X)","(X)","(X)","99.5","(X)","(X)","(X)","(X)","(X)","103.1","(X)","(X)","(X)","(X)","(X)","97.5","(X)","(X)","(X)","(X)","(X)","97.8","(X)","(X)","(X)","(X)","(X)","101.6","(X)","(X)","(X)","(X)","(X)","99.2","(X)","(X)","(X)","(X)","(X)","100.2","(X)","(X)","(X)","(X)","(X)","105.2","(X)","(X)","(X)","(X)","(X)","89.9","(X)","(X)","(X)","(X)","(X)"
"        Age dependency ratio","68.0","(X)","(X)","(X)","(X)","(X)","62.1","(X)","(X)","(X)","(X)","(X)","68.3","(X)","(X)","(X)","(X)","(X)","69.0","(X)","(X)","(X)","(X)","(X)","61.0","(X)","(X)","(X)","(X)","(X)","58.0","(X)","(X)","(X)","(X)","(X)","64.5","(X)","(X)","(X)","(X)","(X)","72.3","(X)","(X)","(X)","(X)","(X)","45.8","(X)","(X)","(X)","(X)","(X)","69.5","(X)","(X)","(X)","(X)","(X)","62.4","(X)","(X)","(X)","(X)","(X)","71.9","(X)","(X)","(X)","(X)","(X)","69.8","(X)","(X)","(X)","(X)","(X)","64.2","(X)","(X)","(X)","(X)","(X)","67.8","(X)","(X)","(X)","(X)","(X)","70.5","(X)","(X)","(X)","(X)","(X)","69.7","(X)","(X)","(X)","(X)","(X)","67.3","(X)","(X)","(X)","(X)","(X)","69.3","(X)","(X)","(X)","(X)","(X)","69.2","(X)","(X)","(X)","(X)","(X)","65.0","(X)","(X)","(X)","(X)","(X)","60.5","(X)","(X)","(X)","(X)","(X)","67.6","(X)","(X)","(X)","(X)","(X)","68.1","(X)","(X)","(X)","(X)","(X)","69.2","(X)","(X)","(X)","(X)","(X)","68.4","(X)","(X)","(X)","(X)","(X)","70.8","(X)","(X)","(X)","(X)","(X)","70.3","(X)","(X)","(X)","(X)","(X)","63.0","(X)","(X)","(X)","(X)","(X)","64.3","(X)","(X)","(X)","(X)","(X)","65.2","(X)","(X)","(X)","(X)","(X)","69.4","(X)","(X)","(X)","(X)","(X)","63.7","(X)","(X)","(X)","(X)","(X)","64.5","(X)","(X)","(X)","(X)","(X)","66.6","(X)","(X)","(X)","(X)","(X)","68.7","(X)","(X)","(X)","(X)","(X)","67.8","(X)","(X)","(X)","(X)","(X)","64.5","(X)","(X)","(X)","(X)","(X)","67.9","(X)","(X)","(X)","(X)","(X)","61.5","(X)","(X)","(X)","(X)","(X)","68.8","(X)","(X)","(X)","(X)","(X)","74.1","(X)","(X)","(X)","(X)","(X)","65.1","(X)","(X)","(X)","(X)","(X)","62.4","(X)","(X)","(X)","(X)","(X)","64.0","(X)","(X)","(X)","(X)","(X)","67.1","(X)","(X)","(X)","(X)","(X)","63.6","(X)","(X)","(X)","(X)","(X)","61.5","(X)","(X)","(X)","(X)","(X)","70.9","(X)","(X)","(X)","(X)","(X)","67.6","(X)","(X)","(X)","(X)","(X)","70.2","(X)","(X)","(X)","(X)","(X)","65.7","(X)","(X)","(X)","(X)","(X)"
"        Old-age dependency ratio","31.1","(X)","(X)","(X)","(X)","(X)","24.0","(X)","(X)","(X)","(X)","(X)","33.1","(X)","(X)","(X)","(X)","(X)","30.8","(X)","(X)","(X)","(X)","(X)","26.6","(X)","(X)","(X)","(X)","(X)","26.0","(X)","(X)","(X)","(X)","(X)","31.9","(X)","(X)","(X)","(X)","(X)","37.3","(X)","(X)","(X)","(X)","(X)","18.8","(X)","(X)","(X)","(X)","(X)","37.0","(X)","(X)","(X)","(X)","(X)","25.6","(X)","(X)","(X)","(X)","(X)","37.0","(X)","(X)","(X)","(X)","(X)","30.2","(X)","(X)","(X)","(X)","(X)","29.4","(X)","(X)","(X)","(X)","(X)","29.5","(X)","(X)","(X)","(X)","(X)","32.2","(X)","(X)","(X)","(X)","(X)","30.5","(X)","(X)","(X)","(X)","(X)","30.1","(X)","(X)","(X)","(X)","(X)","30.2","(X)","(X)","(X)","(X)","(X)","39.7","(X)","(X)","(X)","(X)","(X)","29.0","(X)","(X)","(X)","(X)","(X)","30.1","(X)","(X)","(X)","(X)","(X)","32.9","(X)","(X)","(X)","(X)","(X)","30.7","(X)","(X)","(X)","(X)","(X)","30.5","(X)","(X)","(X)","(X)","(X)","31.5","(X)","(X)","(X)","(X)","(X)","36.3","(X)","(X)","(X)","(X)","(X)","29.6","(X)","(X)","(X)","(X)","(X)","28.7","(X)","(X)","(X)","(X)","(X)","35.4","(X)","(X)","(X)","(X)","(X)","29.7","(X)","(X)","(X)","(X)","(X)","34.1","(X)","(X)","(X)","(X)","(X)","31.0","(X)","(X)","(X)","(X)","(X)","29.5","(X)","(X)","(X)","(X)","(X)","29.3","(X)","(X)","(X)","(X)","(X)","32.2","(X)","(X)","(X)","(X)","(X)","28.4","(X)","(X)","(X)","(X)","(X)","32.7","(X)","(X)","(X)","(X)","(X)","34.2","(X)","(X)","(X)","(X)","(X)","32.0","(X)","(X)","(X)","(X)","(X)","33.4","(X)","(X)","(X)","(X)","(X)","33.1","(X)","(X)","(X)","(X)","(X)","29.1","(X)","(X)","(X)","(X)","(X)","22.7","(X)","(X)","(X)","(X)","(X)","20.4","(X)","(X)","(X)","(X)","(X)","38.3","(X)","(X)","(X)","(X)","(X)","28.8","(X)","(X)","(X)","(X)","(X)","28.0","(X)","(X)","(X)","(X)","(X)","37.4","(X)","(X)","(X)","(X)","(X)","32.9","(X)","(X)","(X)","(X)","(X)","34.0","(X)","(X)","(X)","(X)","(X)","40.8","(X)","(X)","(X)","(X)","(X)"
"        Child dependency ratio","36.9","(X)","(X)","(X)","(X)","(X)","38.2","(X)","(X)","(X)","(X)","(X)","35.2","(X)","(X)","(X)","(X)","(X)","38.2","(X)","(X)","(X)","(X)","(X)","34.3","(X)","(X)","(X)","(X)","(X)","32.0","(X)","(X)","(X)","(X)","(X)","32.5","(X)","(X)","(X)","(X)","(X)","35.0","(X)","(X)","(X)","(X)","(X)","27.0","(X)","(X)","(X)","(X)","(X)","32.6","(X)","(X)","(X)","(X)","(X)","36.8","(X)","(X)","(X)","(X)","(X)","34.9","(X)","(X)","(X)","(X)","(X)","39.6","(X)","(X)","(X)","(X)","(X)","34.8","(X)","(X)","(X)","(X)","(X)","38.3","(X)","(X)","(X)","(X)","(X)","38.3","(X)","(X)","(X)","(X)","(X)","39.2","(X)","(X)","(X)","(X)","(X)","37.2","(X)","(X)","(X)","(X)","(X)","39.1","(X)","(X)","(X)","(X)","(X)","29.5","(X)","(X)","(X)","(X)","(X)","36.1","(X)","(X)","(X)","(X)","(X)","30.5","(X)","(X)","(X)","(X)","(X)","34.8","(X)","(X)","(X)","(X)","(X)","37.5","(X)","(X)","(X)","(X)","(X)","38.6","(X)","(X)","(X)","(X)","(X)","36.8","(X)","(X)","(X)","(X)","(X)","34.5","(X)","(X)","(X)","(X)","(X)","40.7","(X)","(X)","(X)","(X)","(X)","34.3","(X)","(X)","(X)","(X)","(X)","28.9","(X)","(X)","(X)","(X)","(X)","35.5","(X)","(X)","(X)","(X)","(X)","35.3","(X)","(X)","(X)","(X)","(X)","32.7","(X)","(X)","(X)","(X)","(X)","35.0","(X)","(X)","(X)","(X)","(X)","37.2","(X)","(X)","(X)","(X)","(X)","36.5","(X)","(X)","(X)","(X)","(X)","39.5","(X)","(X)","(X)","(X)","(X)","31.8","(X)","(X)","(X)","(X)","(X)","33.7","(X)","(X)","(X)","(X)","(X)","29.6","(X)","(X)","(X)","(X)","(X)","35.4","(X)","(X)","(X)","(X)","(X)","40.9","(X)","(X)","(X)","(X)","(X)","36.0","(X)","(X)","(X)","(X)","(X)","39.7","(X)","(X)","(X)","(X)","(X)","43.7","(X)","(X)","(X)","(X)","(X)","28.9","(X)","(X)","(X)","(X)","(X)","34.8","(X)","(X)","(X)","(X)","(X)","33.5","(X)","(X)","(X)","(X)","(X)","33.6","(X)","(X)","(X)","(X)","(X)","34.7","(X)","(X)","(X)","(X)","(X)","36.2","(X)","(X)","(X)","(X)","(X)","24.9","(X)","(X)","(X)","(X)","(X)"
"    PERCENT ALLOCATED","","","","","","","","","","","","","","","","","","","","","","","","","","","","","","","","","","","","","","","","","","","","","","","","","","","","","","","","","","","","","","","","","","","","","","","","","","","","","","","","","","","","","","","","","","","","","","","","","","","","","","","","","","","","","","","","","","","","","","","","","","","","","","","","","","","","","","","","","","","","","","","","","","","","","","","","","","","","","","","","","","","","","","","","","","","","","","","","","","","","","","","","","","","","","","","","","","","","","","","","","","","","","","","","","","","","","","","","","","","","","","","","","","","","","","","","","","","","","","","","","","","","","","","","","","","","","","","","","","","","","","","","","","","","","","","","","","","","","","","","","","","","","","","","","","","","","","","","","","","","","","","","","","","","","","","",""
"        Sex","(X)","0.1%","(X)","(X)","(X)","(X)","(X)","0.3%","(X)","(X)","(X)","(X)","(X)","0.0%","(X)","(X)","(X)","(X)","(X)","0.1%","(X)","(X)","(X)","(X)","(X)","0.0%","(X)","(X)","(X)","(X)","(X)","0.0%","(X)","(X)","(X)","(X)","(X)","0.0%","(X)","(X)","(X)","(X)","(X)","0.1%","(X)","(X)","(X)","(X)","(X)","0.0%","(X)","(X)","(X)","(X)","(X)","0.0%","(X)","(X)","(X)","(X)","(X)","0.1%","(X)","(X)","(X)","(X)","(X)","0.1%","(X)","(X)","(X)","(X)","(X)","0.1%","(X)","(X)","(X)","(X)","(X)","0.0%","(X)","(X)","(X)","(X)","(X)","0.0%","(X)","(X)","(X)","(X)","(X)","0.1%","(X)","(X)","(X)","(X)","(X)","0.0%","(X)","(X)","(X)","(X)","(X)","0.1%","(X)","(X)","(X)","(X)","(X)","0.1%","(X)","(X)","(X)","(X)","(X)","0.1%","(X)","(X)","(X)","(X)","(X)","0.1%","(X)","(X)","(X)","(X)","(X)","0.1%","(X)","(X)","(X)","(X)","(X)","0.0%","(X)","(X)","(X)","(X)","(X)","0.0%","(X)","(X)","(X)","(X)","(X)","0.0%","(X)","(X)","(X)","(X)","(X)","0.1%","(X)","(X)","(X)","(X)","(X)","0.1%","(X)","(X)","(X)","(X)","(X)","0.0%","(X)","(X)","(X)","(X)","(X)","0.0%","(X)","(X)","(X)","(X)","(X)","0.0%","(X)","(X)","(X)","(X)","(X)","0.1%","(X)","(X)","(X)","(X)","(X)","0.0%","(X)","(X)","(X)","(X)","(X)","0.0%","(X)","(X)","(X)","(X)","(X)","0.1%","(X)","(X)","(X)","(X)","(X)","0.1%","(X)","(X)","(X)","(X)","(X)","0.1%","(X)","(X)","(X)","(X)","(X)","0.1%","(X)","(X)","(X)","(X)","(X)","0.1%","(X)","(X)","(X)","(X)","(X)","0.0%","(X)","(X)","(X)","(X)","(X)","0.1%","(X)","(X)","(X)","(X)","(X)","0.0%","(X)","(X)","(X)","(X)","(X)","0.1%","(X)","(X)","(X)","(X)","(X)","0.1%","(X)","(X)","(X)","(X)","(X)","0.0%","(X)","(X)","(X)","(X)","(X)","0.0%","(X)","(X)","(X)","(X)","(X)","0.1%","(X)","(X)","(X)","(X)","(X)","0.0%","(X)","(X)","(X)","(X)","(X)","0.0%","(X)","(X)","(X)","(X)","(X)","0.0%","(X)","(X)","(X)","(X)","(X)","0.1%","(X)","(X)","(X)","(X)","(X)","0.1%","(X)","(X)","(X)","(X)","(X)","0.1%","(X)","(X)","(X)","(X)"
"        Age","(X)","1.1%","(X)","(X)","(X)","(X)","(X)","2.1%","(X)","(X)","(X)","(X)","(X)","1.5%","(X)","(X)","(X)","(X)","(X)","1.6%","(X)","(X)","(X)","(X)","(X)","1.6%","(X)","(X)","(X)","(X)","(X)","1.4%","(X)","(X)","(X)","(X)","(X)","1.2%","(X)","(X)","(X)","(X)","(X)","1.3%","(X)","(X)","(X)","(X)","(X)","1.5%","(X)","(X)","(X)","(X)","(X)","1.7%","(X)","(X)","(X)","(X)","(X)","1.7%","(X)","(X)","(X)","(X)","(X)","2.1%","(X)","(X)","(X)","(X)","(X)","1.3%","(X)","(X)","(X)","(X)","(X)","1.1%","(X)","(X)","(X)","(X)","(X)","1.0%","(X)","(X)","(X)","(X)","(X)","1.0%","(X)","(X)","(X)","(X)","(X)","0.9%","(X)","(X)","(X)","(X)","(X)","1.1%","(X)","(X)","(X)","(X)","(X)","2.1%","(X)","(X)","(X)","(X)","(X)","1.2%","(X)","(X)","(X)","(X)","(X)","1.7%","(X)","(X)","(X)","(X)","(X)","1.5%","(X)","(X)","(X)","(X)","(X)","1.1%","(X)","(X)","(X)","(X)","(X)","0.9%","(X)","(X)","(X)","(X)","(X)","1.3%","(X)","(X)","(X)","(X)","(X)","1.2%","(X)","(X)","(X)","(X)","(X)","1.8%","(X)","(X)","(X)","(X)","(X)","1.3%","(X)","(X)","(X)","(X)","(X)","1.5%","(X)","(X)","(X)","(X)","(X)","1.1%","(X)","(X)","(X)","(X)","(X)","1.3%","(X)","(X)","(X)","(X)","(X)","1.9%","(X)","(X)","(X)","(X)","(X)","1.7%","(X)","(X)","(X)","(X)","(X)","1.5%","(X)","(X)","(X)","(X)","(X)","1.2%","(X)","(X)","(X)","(X)","(X)","0.9%","(X)","(X)","(X)","(X)","(X)","1.1%","(X)","(X)","(X)","(X)","(X)","1.4%","(X)","(X)","(X)","(X)","(X)","1.0%","(X)","(X)","(X)","(X)","(X)","1.1%","(X)","(X)","(X)","(X)","(X)","1.3%","(X)","(X)","(X)","(X)","(X)","1.2%","(X)","(X)","(X)","(X)","(X)","1.4%","(X)","(X)","(X)","(X)","(X)","1.3%","(X)","(X)","(X)","(X)","(X)","1.5%","(X)","(X)","(X)","(X)","(X)","1.0%","(X)","(X)","(X)","(X)","(X)","1.2%","(X)","(X)","(X)","(X)","(X)","1.2%","(X)","(X)","(X)","(X)","(X)","0.9%","(X)","(X)","(X)","(X)","(X)","0.9%","(X)","(X)","(X)","(X)","(X)","1.1%","(X)","(X)","(X)","(X)","(X)","2.1%","(X)","(X)","(X)","(X)"